Id,Title,Artist,Genre
0,Love wins all,아이유,Ballad
1,비의 랩소디,임재현,Ballad
2,그대만 있다면 (여름날 우리 X 너드커넥션 (Nerd Connection)),너드커넥션 (Nerd Connection),Ballad
3,헤어지자 말해요,박재정,Ballad
4,인사,범진,Ballad
5,꿈,태연 (TAEYEON),Ballad
6,너의 모든 순간,성시경,Ballad
7,사막에서 꽃을 피우듯,우디 (Woody),Ballad
8,"잘 지내자, 우리 (여름날 우리 X 로이킴)",로이킴,Ballad
9,사랑은 늘 도망가,임영웅,Ballad
10,사랑인가 봐,멜로망스,Ballad
11,첫 눈,EXO,Ballad
12,"어떻게 이별까지 사랑하겠어, 널 사랑하는 거지",AKMU (악뮤),Ballad
13,사랑하지 않아서 그랬어,임한별,Ballad
14,사랑할 수밖에,볼빨간사춘기,Ballad
15,그대가 내 안에 박혔다(그내박),순순희(기태),Ballad
16,취중고백,김민석,Ballad
17,기억해줘요 내 모든 날과 그때를,화곡동 청개구리,Ballad
18,별 떨어진다 (I Do),디오 (D.O.),Ballad
19,"모든 날, 모든 순간 (Every day, Every Moment)",폴킴,Ballad
20,해요 (2022),#안녕,Ballad
21,사랑..그게 뭔데,지아,Ballad
22,물론,허각,Ballad
23,"그대가 있는 곳, 언제 어디든",로이킴,Ballad
24,다정히 내 이름을 부르면,전건호,Ballad
25,I Love You,안세하,Ballad
26,우리들의 블루스,임영웅,Ballad
27,모래 알갱이,임영웅,Ballad
28,나에게 그대만이,탑현,Ballad
29,눈이 오잖아(Feat.헤이즈),이무진,Ballad
30,다시 만날 수 있을까,임영웅,Ballad
31,잠시라도 우리,나얼,Ballad
32,아버지,임영웅,Ballad
33,인생찬가,임영웅,Ballad
34,희재,성시경,Ballad
35,어른,Sondia,Ballad
36,널 미워하기로 했어,이예준,Ballad
37,하루,에일리(Ailee),Ballad
38,그중에 그대를 만나,김호중,Ballad
39,새벽 통화,적재,Ballad
40,밤편지,아이유,Ballad
41,"밤, 바다",최유리,Ballad
42,첫눈처럼 너에게 가겠다,에일리(Ailee),Ballad
43,밤하늘의 별을(2020),경서,Ballad
44,선물,멜로망스,Ballad
45,너의 번호를 누르고 (Prod. 영화처럼),#안녕,Ballad
46,그리워하다,비투비,Ballad
47,@은영이에게,#안녕,Ballad
48,응급실,izi,Ballad
49,Monologue,테이,Ballad
50,All For You,정은지,Ballad
51,yours,데이먼스 이어 (Damons year),Ballad
52,내가 아니라도,주호,Ballad
53,사실말야내가말야그게그러니까말이야,케이시 (Kassy),Ballad
54,너였다면,정승환,Ballad
55,달빛에 그려지는,미연 ((여자)아이들),Ballad
56,아로하,조정석,Ballad
57,늦은 밤 너의 집 앞 골목길에서,노을,Ballad
58,내 손을 잡아,아이유,Ballad
59,취기를 빌려 (취향저격 그녀 X 산들),산들,Ballad
60,너를 만나,폴킴,Ballad
61,다시 사랑한다면 (니글니글 버터플라이),김필,Ballad
62,그때 헤어지면 돼,로이킴,Ballad
63,거리에서,성시경,Ballad
64,나의 X에게,경서,Ballad
65,Heaven(2023),임재현,Ballad
66,마음을 드려요,아이유,Ballad
67,광화문에서 (At Gwanghwamun),규현 (KYUHYUN),Ballad
68,어디에도,엠씨더맥스 (M.C the MAX),Ballad
69,그대라는 시,태연 (TAEYEON),Ballad
70,사랑에 연습이 있었다면 (Prod. 2soo),임재현,Ballad
71,사랑의 바보,제이세라,Ballad
72,그때가 좋았어,케이시 (Kassy),Ballad
73,곰인형 (Feat. 해금),린,Ballad
74,천상연,이창섭,Ballad
75,봄이 와도 (Prod. 로이킴),로이킴,Ballad
76,좋니,윤종신,Ballad
77,그때 그 순간 그대로 (그그그),WSG워너비 (가야G),Ballad
78,떠나보낼 준비해 둘걸 그랬어,임한별,Ballad
79,Say I Love You,우디 (Woody),Ballad
80,이별하러 가는 길,임한별,Ballad
81,...사랑했잖아...,린,Ballad
82,산책,백예린 (Yerin Baek),Ballad
83,소녀,오혁,Ballad
84,눈사람,정승환,Ballad
85,입술 (Feat. 10CM),헤이즈 (Heize),Ballad
86,널 사랑하지 않아,어반자카파,Ballad
87,미친 사랑의 노래,DK(디셈버),Ballad
88,그대가 내 안에 박혔다,황치열,Ballad
89,안녕,폴킴,Ballad
90,이 소설의 끝을 다시 써보려 해,한동근,Ballad
91,내일 이별,신용재 (2F),Ballad
92,Timeless,SG 워너비,Ballad
93,Beautiful,Crush,Ballad
94,기다리다,윤하 (YOUNHA),Ballad
95,고백,멜로망스,Ballad
96,사랑이 아닌 단어로 사랑을 말해요,siso(시소),Ballad
97,어떤 미래,WOOZI (SEVENTEEN),Ballad
98,크리스마스니까,VIXX (빅스),Ballad
99,지극히 사적인 얘기,다비치,Ballad
100,그 겨울엔 네가 있어,"허용별 (허각, 신용재, 임한별)",Ballad
101,네 옆에 그 사람은 내가 아닌 다른사람,Kid Wine,Ballad
102,가을 타나 봐,바이브,Ballad
103,Hate You,정국,Ballad
104,I Love You (Prod. 김도훈),홍이삭,Ballad
105,가을 안부,먼데이 키즈 (Monday Kiz),Ballad
106,운이 좋았지,권진아,Ballad
107,추억은 만남보다 이별에 남아,정동하,Ballad
108,This Christmas,태연 (TAEYEON),Ballad
109,12월의 기적 (Miracles In December),EXO,Ballad
110,Merry &amp; Happy,TWICE (트와이스),Ballad
111,겨울 고백,여동생,Ballad
112,내일의 우리 (Ordinary Days),디오 (D.O.),Ballad
113,Someday,박은빈,Ballad
114,나무,카더가든,Ballad
115,눈 (Feat. 이문세),Zion.T,Ballad
116,Christmas Tree,V,Ballad
117,솔직하게 말해서 나,김나영,Ballad
118,저녁 하늘,에일리(Ailee),Ballad
119,골목길 (with 성시경),성시경,Ballad
120,사랑하기 싫어,지아,Ballad
121,사랑하지 않아서 그랬니,지아,Ballad
122,Christmas Day,EXO,Ballad
123,시든 꽃에 물을 주듯,HYNN (박혜원),Ballad
124,Shot Glass of Tears,정국,Ballad
125,너 밖엔 없더라,케이시 (Kassy),Ballad
126,가을밤 떠난 너,케이시 (Kassy),Ballad
127,Happiness,"허용별 (허각, 신용재, 임한별)",Ballad
128,새벽에 걸려온 너의 전화는,한동근,Ballad
129,11:11,태연 (TAEYEON),Ballad
130,야생화,박효신,Ballad
131,드라마,아이유,Ballad
132,"기다린 만큼, 더",검정치마,Ballad
133,우린 그렇게 사랑해서,잔나비 최정훈,Ballad
134,언제나 사랑해,케이시 (Kassy),Ballad
135,너에게 못했던 내 마지막 말은,다비치,Ballad
136,혼자 왔어요,김연지,Ballad
137,Never Ending Story,김민석,Ballad
138,찬란한 하루,멜로망스,Ballad
139,안녕이라고 말하지마,V.O.S,Ballad
140,이럴거면,거미,Ballad
141,행복한 나를,빅마마,Ballad
142,시간과 낙엽,AKMU (악뮤),Ballad
143,잘가요,주호,Ballad
144,서랍,10CM,Ballad
145,발걸음,DK(디셈버),Ballad
146,언젠간 괜찮아질 이야기,정승환,Ballad
147,한사람만 (2023) (여름날 우리 X 이홍기 (FT아일랜드)),이홍기 (FT아일랜드),Ballad
148,그대를 알고,송하예,Ballad
149,지나오다,닐로(Nilo),Ballad
150,바라만 본다,MSG워너비(M.O.M),Ballad
151,그댄 행복에 살텐데 (2022),최유리,Ballad
152,나비무덤,포맨 (4MEN),Ballad
153,마지막 사랑,신예영,Ballad
154,어디든 가자 (Feat. 허성현),경서,Ballad
155,"우리 사랑 이대로 (여름날 우리 X 규현 (KYUHYUN), 정은지)",정은지,Ballad
156,너 없인 안 된다,비투비,Ballad
157,가질 수 없는 너,#안녕,Ballad
158,"여자는 말 못하고, 남자는 모르는 것들",정동하,Ballad
159,늦은 밤 헤어지긴 너무 아쉬워,케이시 (Kassy),Ballad
160,너를 보는게 지친 하루에,송하예,Ballad
161,당신을 만나,송가인,Ballad
162,비가 오는 날엔 (2021),헤이즈 (Heize),Ballad
163,스티커 사진,21학번,Ballad
164,사랑은 가슴이 시킨다(2023),이창섭,Ballad
165,끝,권진아,Ballad
166,그때 그 아인,김필,Ballad
167,Hear Me Out,EXO,Ballad
168,Let Me In,EXO,Ballad
169,나의 마음에 (Seed),태양,Ballad
170,너에게 닿을게,정승환,Ballad
171,잘사니,노을,Ballad
172,우리 왜 헤어져야 해 (여름날 우리 X 전상근),전상근,Ballad
173,오늘도 빛나는 너에게,박민혜 (빅마마),Ballad
174,삭제,이홍기 (FT아일랜드),Ballad
175,혼자라고 생각말기,임한별,Ballad
176,비가 오는 날엔,비스트,Ballad
177,잊는 법,이예준,Ballad
178,이 새벽에 전화하는 건,황인욱,Ballad
179,상록수,이우,Ballad
180,바람,윤하 (YOUNHA),Ballad
181,Heaven,HYNN (박혜원),Ballad
182,이 세상 끝까지,#안녕,Ballad
183,다시 사랑한다면,한동근,Ballad
184,운다 운다,허각,Ballad
185,그날 밤,장혜진,Ballad
186,처음처럼,송하예,Ballad
187,결국엔 너에게 닿아서,WSG워너비 (가야G),Ballad
188,다시 사랑할 수 있게,멜로망스,Ballad
189,봄 사랑 벚꽃 말고,아이유,Ballad
190,네가 보고 싶은 건 자연스러운 거겠지,신예영,Ballad
191,되돌리다,먼데이 키즈 (Monday Kiz),Ballad
192,사랑했지만,전건호,Ballad
193,혼자 사랑하면 되니까,Kid Wine,Ballad
194,우연히 봄,유주 (YUJU),Ballad
195,청소 (여름날 우리 X 스탠딩 에그),스탠딩 에그,Ballad
196,봄이야,경서,Ballad
197,Hello,백현 (BAEKHYUN),Ballad
198,사랑이 이별이 돼 가는 모습이,볼빨간사춘기,Ballad
199,혼자가 아닌 나,정효빈,Ballad
200,니 번호가 뜨는 일,이예준,Ballad
201,"피어나 (Between you, me and the lamppost)",LE SSERAFIM (르세라핌),Ballad
202,너와 함께,김민석,Ballad
203,바보가슴,한빈 (포맨),Ballad
204,이러면 안 될 거 아는데 너 앞에만 서면 나락 (Feat. 10CM),딘딘 (DINDIN),Ballad
205,가장 아름다운 시간이었다,주호,Ballad
206,있잖아,폴킴,Ballad
207,화장을 고치고,차가을,Ballad
208,우린 헤어지지 않았을까,김나영,Ballad
209,사랑한다고 말해줘,탑현,Ballad
210,그대라는 사치,임창정,Ballad
211,사랑해도 될까요,양다일,Ballad
212,사랑의 인사,김연지,Ballad
213,혼자서 걸어요 (Prod. by 나얼),태연 (TAEYEON),Ballad
214,이젠 안녕,투모로우바이투게더,Ballad
215,미친거니,포맨 (4MEN),Ballad
216,듣고 싶을까,MSG워너비(M.O.M),Ballad
217,너 하나 빼는 일,허각,Ballad
218,Love Blossom (러브블러썸),케이윌,Ballad
219,그 겨울이 잠든 거리에서,전건호,Ballad
220,꽃,양다일,Ballad
221,너는 기억한다,폴킴,Ballad
222,I Need You,지아,Ballad
223,걸음을 멈추는 날,나얼,Ballad
224,세상에 없는 계절,임재현,Ballad
225,사계 (Four Seasons),태연 (TAEYEON),Ballad
226,가슴으로 운다,김연지,Ballad
227,오랜만이야,한동근,Ballad
228,안녕 신촌,포스트맨 (POSTMEN),Ballad
229,나였으면,전상근,Ballad
230,흩어지지 않게,엠씨더맥스 (M.C the MAX),Ballad
231,뻔한 발라드,BIG Naughty (서동현),Ballad
232,아픈 나를 (Prod. By 나얼),성시경,Ballad
233,하루에 하나씩,폴킴,Ballad
234,그래서 그대는,이영현,Ballad
235,바보에게 바보가 (웹툰 '연애의 발견' X 이석훈),이석훈,Ballad
236,다시 와주라,노을,Ballad
237,나의 목소리로,김호중,Ballad
238,통화연결음,MJ (써니사이드),Ballad
239,고백연습,경서,Ballad
240,추억때문에,유림,Ballad
241,첫 만남은 계획대로 되지 않아,TWS (투어스),Dance
242,Love 119,RIIZE,Dance
243,Perfect Night,LE SSERAFIM (르세라핌),Dance
244,Drama,aespa,Dance
245,Wife,(여자)아이들,Dance
246,Super Lady,(여자)아이들,Dance
247,I AM,IVE (아이브),Dance
248,Seven (feat. Latto) - Clean Ver.,정국,Dance
249,Get A Guitar,RIIZE,Dance
250,MANIAC,VIVIZ (비비지),Dance
251,Love Lee,AKMU (악뮤),Dance
252,Baddie,IVE (아이브),Dance
253,You &amp; Me,제니 (JENNIE),Dance
254,Super Shy,NewJeans,Dance
255,퀸카 (Queencard),(여자)아이들,Dance
256,Hype Boy,NewJeans,Dance
257,Ditto,NewJeans,Dance
258,ETA,NewJeans,Dance
259,Spicy,aespa,Dance
260,Standing Next to You,정국,Dance
261,Kitsch,IVE (아이브),Dance
262,LOVE DIVE,IVE (아이브),Dance
263,"이브, 프시케 그리고 푸른 수염의 아내",LE SSERAFIM (르세라핌),Dance
264,OMG,NewJeans,Dance
265,After LIKE,IVE (아이브),Dance
266,Fast Forward,전소미,Dance
267,음악의 신,세븐틴 (SEVENTEEN),Dance
268,손오공,세븐틴 (SEVENTEEN),Dance
269,파이팅 해야지 (Feat. 이영지),부석순 (SEVENTEEN),Dance
270,Dynamite,방탄소년단,Dance
271,Attention,NewJeans,Dance
272,Bubble,STAYC(스테이씨),Dance
273,건물 사이에 피어난 장미 (Rose Blossom),H1-KEY (하이키),Dance
274,UNFORGIVEN (feat. Nile Rodgers),LE SSERAFIM (르세라핌),Dance
275,Off The Record,IVE (아이브),Dance
276,Do or Die,임영웅,Dance
277,나는 아픈 건 딱 질색이니까,(여자)아이들,Dance
278,Butter,방탄소년단,Dance
279,Chill Kill,Red Velvet (레드벨벳),Dance
280,Talk Saxy,RIIZE,Dance
281,GODS,League of Legends,Dance
282,I Love My Body,화사 (HWASA),Dance
283,DASH,NMIXX,Dance
284,꽃,지수 (JISOO),Dance
285,Teddy Bear,STAYC(스테이씨),Dance
286,ANTIFRAGILE,LE SSERAFIM (르세라핌),Dance
287,Candy,NCT DREAM,Dance
288,All Night (Feat. Saweetie),IVE (아이브),Dance
289,화이트 (White),폴킴,Dance
290,Bad News,KISS OF LIFE,Dance
291,NO MORE (MA BOY),씨스타19,Dance
292,New Jeans,NewJeans,Dance
293,3D (feat. Jack Harlow),Jack Harlow,Dance
294,Nxde,(여자)아이들,Dance
295,Celebrity,아이유,Dance
296,Next Level,aespa,Dance
297,ELEVEN,IVE (아이브),Dance
298,Soñar (Breaker),NMIXX,Dance
299,Cupid,FIFTY FIFTY,Dance
300,Memories,RIIZE,Dance
301,FEARLESS,LE SSERAFIM (르세라핌),Dance
302,마지막처럼,BLACKPINK,Dance
303,Baggy Jeans,NCT U,Dance
304,INVU,태연 (TAEYEON),Dance
305,Underwater,권은비,Dance
306,UNTOUCHABLE,ITZY (있지),Dance
307,Permission to Dance,방탄소년단,Dance
308,Weekend,태연 (TAEYEON),Dance
309,Fact Check (불가사의; 不可思議),NCT 127,Dance
310,Love Me Like This,NMIXX,Dance
311,I WANT,IVE (아이브),Dance
312,아주 NICE,세븐틴 (SEVENTEEN),Dance
313,라일락,아이유,Dance
314,Feel My Rhythm,Red Velvet (레드벨벳),Dance
315,하루 하루,BIGBANG (빅뱅),Dance
316,Lovesick Girls,BLACKPINK,Dance
317,비행기,거북이,Dance
318,Allergy,(여자)아이들,Dance
319,SMILEY (Feat. BIBI),YENA (최예나),Dance
320,도깨비불 (Illusion),aespa,Dance
321,롤린 (Rollin'),브레이브걸스,Dance
322,거짓말,BIGBANG (빅뱅),Dance
323,Cookie,NewJeans,Dance
324,That That (prod. &amp; feat. SUGA of BTS),싸이 (PSY),Dance
325,KIDDING,이세계아이돌,Dance
326,불장난,BLACKPINK,Dance
327,Better Things,aespa,Dance
328,Cool With You,NewJeans,Dance
329,폼미쳤다,영탁,Dance
330,Savage,aespa,Dance
331,붉은 노을,BIGBANG (빅뱅),Dance
332,Dun Dun Dance,오마이걸 (OH MY GIRL),Dance
333,Forever Young,BLACKPINK,Dance
334,In Bloom,ZEROBASEONE (제로베이스원),Dance
335,작은 것들을 위한 시 (Boy With Luv) (Feat. Halsey),방탄소년단,Dance
336,ASAP,STAYC(스테이씨),Dance
337,Oh Mymy : 7s,TWS (투어스),Dance
338,나의 바람 (Wind And Wish),비투비,Dance
339,ISTJ,NCT DREAM,Dance
340,KNOCK,이채연,Dance
341,미리 메리 크리스마스 (Feat. 천둥 Of MBLAQ),아이유,Dance
342,Chili,화사 (HWASA),Dance
343,Like Crazy,지민,Dance
344,Chasing That Feeling,투모로우바이투게더,Dance
345,이루리,우주소녀,Dance
346,화이트(WHITE) (Feat. 박재범),다비치,Dance
347,매일 크리스마스 (Everyday Christmas),다비치,Dance
348,Jingle Bell Rock,aespa,Dance
349,Dear Santa,소녀시대-태티서 (Girls' Generation-TTS),Dance
350,울면 안 돼,비투비,Dance
351,Say Yes,원탑,Dance
352,하얀 고백 (Lately),인피니트,Dance
353,NOBODY,리즈 (IVE),Dance
354,CRUSH (가시),ZEROBASEONE (제로베이스원),Dance
355,커플,젝스키스,Dance
356,크리스마스잖아요,B1A4,Dance
357,종소리,러블리즈,Dance
358,Candy Cane,태연 (TAEYEON),Dance
359,울어도 돼,비투비,Dance
360,Please Don't Change (feat. DJ Snake),정국,Dance
361,SOS (Prod. Marshmello),세븐틴 (SEVENTEEN),Dance
362,Diamond Days,세븐틴 (SEVENTEEN),Dance
363,여름이 들려 (Summer Comes),오마이걸 (OH MY GIRL),Dance
364,Back 2 Back,세븐틴 (SEVENTEEN),Dance
365,Yogurt Shake,NCT DREAM,Dance
366,STRANGER,선미,Dance
367,뭣 같아,BOYNEXTDOOR,Dance
368,트월ㅋ (Prod. Czaer),우기 ((여자)아이들),Dance
369,VIBE (feat. Jimin of BTS),태양,Dance
370,Gum,제시 (Jessi),Dance
371,Sugar Rush Ride,투모로우바이투게더,Dance
372,Seven (feat. Latto) - Explicit Ver.,정국,Dance
373,POP!,나연 (TWICE),Dance
374,SNEAKERS,ITZY (있지),Dance
375,Cream Soda,EXO,Dance
376,FOREVER 1,소녀시대 (GIRLS' GENERATION),Dance
377,Get Up,NewJeans,Dance
378,Poppy (Korean Ver.),STAYC(스테이씨),Dance
379,Back for More (with Anitta),Anitta,Dance
380,LOCKDOWN,이세계아이돌,Dance
381,아름다운 구속,NewJeans,Dance
382,Roller Coaster,NMIXX,Dance
383,Party O'Clock,NMIXX,Dance
384,"Swipe (Prod. C-Young, Alawn)",텐 (TEN),Dance
385,BLUE MOON (Prod. GroovyRoom),창모 (CHANGMO),Dance
386,Dance The Night Away,TWICE (트와이스),Dance
387,Dolphin,오마이걸 (OH MY GIRL),Dance
388,이게 사랑이지 뭐야 (feat. Paul Blanco),효린,Dance
389,쉿 (Shhh),KISS OF LIFE,Dance
390,파랑 (Blue Wave),NCT DREAM,Dance
391,Salty &amp; Sweet,aespa,Dance
392,Another World,이세계아이돌,Dance
393,Girls,aespa,Dance
394,살짝 설렜어 (Nonstop),오마이걸 (OH MY GIRL),Dance
395,The Planet,방탄소년단,Dance
396,Skateboard,NCT DREAM,Dance
397,다시 여기 바닷가,"싹쓰리 (유두래곤, 린다G, 비룡)",Dance
398,LIP GLOSS,더보이즈 (THE BOYZ),Dance
399,SHAKE IT,씨스타,Dance
400,Touch My Body,씨스타,Dance
401,Pretzel (♡),NCT DREAM,Dance
402,빨간 맛 (Red Flavor),Red Velvet (레드벨벳),Dance
403,덤디덤디 (DUMDi DUMDi),(여자)아이들,Dance
404,New Kidz on the Block,ZEROBASEONE (제로베이스원),Dance
405,Loving U (러빙유),씨스타,Dance
406,Alcohol-Free,TWICE (트와이스),Dance
407,밤이 무서워요 (Lonely Night),주주 시크릿,Dance
408,Zero,NewJeans,Dance
409,WHEN I MOVE,카라,Dance
410,상상더하기,라붐 (LABOUM),Dance
411,LOVE ME RIGHT,EXO,Dance
412,REALLY REALLY,WINNER,Dance
413,CHEER UP,TWICE (트와이스),Dance
414,우주먼지 (and I),ZEROBASEONE (제로베이스원),Dance
415,"Young, Dumb, Stupid",NMIXX,Dance
416,Cupid (Twin Ver.),FIFTY FIFTY,Dance
417,Say My Name,Say Yes!,Dance
418,빙글빙글 (Prod. R.Tee),헤이즈 (Heize),Dance
419,No-Return (Into the unknown),LE SSERAFIM (르세라핌),Dance
420,DICE,NMIXX,Dance
421,Bite Me,ENHYPEN,Dance
422,DM,프로미스나인,Dance
423,#menow,프로미스나인,Dance
424,How You Like That,BLACKPINK,Dance
425,Movie Star,미주 (MIJOO),Dance
426,FIESTA,IZ*ONE (아이즈원),Dance
427,예쁘다,세븐틴 (SEVENTEEN),Dance
428,Stay This Way,프로미스나인,Dance
429,RUN2U,STAYC(스테이씨),Dance
430,"LOVE DAY (2021) (바른연애 길잡이 X 양요섭, 정은지)",정은지,Dance
431,I LOVE U,WINNER,Dance
432,WE GO,프로미스나인,Dance
433,Blue Blood,IVE (아이브),Dance
434,Heaven,비투비,Dance
435,D N D,Apink (에이핑크),Dance
436,Lips,IVE (아이브),Dance
437,All Eyes On Me,지수 (JISOO),Dance
438,Jelly Pop,BOYS PLANET,Dance
439,Flash Forward,LE SSERAFIM (르세라핌),Dance
440,SET ME FREE,TWICE (트와이스),Dance
441,Higher,FIFTY FIFTY,Dance
442,Blue Flame,LE SSERAFIM (르세라핌),Dance
443,NOT YOUR GIRL,IVE (아이브),Dance
444,Rover,카이 (KAI),Dance
445,Dreams Come True,aespa,Dance
446,Day&amp;Night,비투비,Dance
447,Fire in the belly,LE SSERAFIM (르세라핌),Dance
448,Panorama,IZ*ONE (아이즈원),Dance
449,FEARLESS (2023 Ver.),LE SSERAFIM (르세라핌),Dance
450,Talk that Talk,TWICE (트와이스),Dance
451,Hot Summer,BOYS PLANET,Dance
452,Your Love,비투비,Dance
453,GGBB,마마무+,Dance
454,Rising,tripleS (트리플에스),Dance
455,"En Garde (준비,시작!)",En Butter,Dance
456,Over Me,Overdose,Dance
457,Ay-Yo,NCT 127,Dance
458,Switch,꾹꾹이,Dance
459,Mine,IVE (아이브),Dance
460,To You,틴탑,Dance
461,나쁜놈 (Chico malo),마마무+,Dance
462,섬찟 (Hypnosis),IVE (아이브),Dance
463,Heroine,IVE (아이브),Dance
464,STEP,카라,Dance
465,Psycho,Red Velvet (레드벨벳),Dance
466,I Don't Care,2NE1,Dance
467,Cheshire,ITZY (있지),Dance
468,Devil by the Window,투모로우바이투게더,Dance
469,LUNCH,부석순 (SEVENTEEN),Dance
470,ROAR,더보이즈 (THE BOYZ),Dance
471,거침없이,부석순 (SEVENTEEN),Dance
472,Step Back,GOT the beat,Dance
473,BEAUTIFUL MONSTER,STAYC(스테이씨),Dance
474,PULL UP,VIVIZ (비비지),Dance
475,Beautiful Liar,몬스타엑스,Dance
476,Queendom,Red Velvet (레드벨벳),Dance
477,열이올라요 (Heart Burn),선미,Dance
478,Beatbox,NCT DREAM,Dance
479,Stamp On It,GOT the beat,Dance
480,Back Door,Stray Kids (스트레이 키즈),Dance
481,어푸 (Ah puh),아이유,Dance
482,O.O,NMIXX,Dance
483,좋은 날,아이유,Dance
484,Birthday,Red Velvet (레드벨벳),Dance
485,버퍼링 (Glitch Mode),NCT DREAM,Dance
486,Black Mamba,aespa,Dance
487,WANNABE,ITZY (있지),Dance
488,다시 만난 세계 (Into The New World),소녀시대 (GIRLS' GENERATION),Dance
489,주저하는 연인들을 위해,잔나비,Indie
490,숲,최유리,Indie
491,좋은 밤 좋은 꿈,너드커넥션 (Nerd Connection),Indie
492,그라데이션,10CM,Indie
493,첫사랑,백아,Indie
494,오늘도 빛나는 너에게 (To You My Light) (Feat.이라온),마크툽 (MAKTUB),Indie
495,너를 생각해,주시크 (Joosiq),Indie
496,민들레 (single ver.),우효,Indie
497,"잘 지내자, 우리",최유리,Indie
498,오래된 노래,스탠딩 에그,Indie
499,나의 사춘기에게,볼빨간사춘기,Indie
500,Way Back Home,숀 (SHAUN),Indie
501,여행,볼빨간사춘기,Indie
502,찰나가 영원이 될 때 (The Eternal Moment),마크툽 (MAKTUB),Indie
503,스토커,10CM,Indie
504,폰서트,10CM,Indie
505,Love story,볼빨간사춘기,Indie
506,TOMBOY,혁오 (HYUKOH),Indie
507,우주를 줄게,볼빨간사춘기,Indie
508,뜨거운 여름밤은 가고 남은 건 볼품없지만,잔나비,Indie
509,안아줘,정준일,Indie
510,어떻게 지내 (Prod. By VAN.C),오반,Indie
511,사랑하긴 했었나요 스쳐가는 인연이었나요 짧지않은 우리 함께했던 시간들이 자꾸 내 마음을 가둬두네,잔나비,Indie
512,가을밤에 든 생각,잔나비,Indie
513,슬픈 초대장,순순희 (지환),Indie
514,이제 우리 꿈에서만 만나,Yyeon,Indie
515,조용히 완전히 영원히,너드커넥션 (Nerd Connection),Indie
516,널 떠올리는 중이야,Kid Wine,Indie
517,위잉위잉,혁오 (HYUKOH),Indie
518,김철수 씨 이야기,허회경,Indie
519,You(=I),볼빨간사춘기,Indie
520,EVERYTHING,검정치마,Indie
521,서툰 이별을 하려해 (Feat.전상근),윤토벤,Indie
522,조금 취했어 (Prod. 2soo),임재현,Indie
523,좋다고 말해,볼빨간사춘기,Indie
524,너는 내 세상이었어,볼빨간사춘기,Indie
525,썸 탈꺼야,볼빨간사춘기,Indie
526,겨울을 걷는다,윤딴딴,Indie
527,"나만, 봄",볼빨간사춘기,Indie
528,FRIEND THE END,볼빨간사춘기,Indie
529,소년,10CM,Indie
530,나만 안되는 연애,볼빨간사춘기,Indie
531,부동의 첫사랑,10CM,Indie
532,스노우볼,볼빨간사춘기,Indie
533,바라봐줘요,죠지,Indie
534,오늘,오왠 (O.WHEN),Indie
535,아무래도 난,주시크 (Joosiq),Indie
536,꿈속에 너 (Feat. 전상근),에이치코드 (H:CODE),Indie
537,좋아해.. (바른연애 길잡이 X 죠지),죠지,Indie
538,She (Hidden Track No.V 1월 선정곡),잔나비,Indie
539,Downtown Baby,블루 (BLOO),Indie
540,니가 보고싶은 밤,윤딴딴,Indie
541,이렇게 좋아해 본 적이 없어요,CHEEZE (치즈),Indie
542,그렇게 살아가는 것,허회경,Indie
543,동화,멜로망스,Indie
544,사랑은 은하수 다방에서,10CM,Indie
545,"너, 너",스트레이 (The Stray),Indie
546,Madeleine Love,CHEEZE (치즈),Indie
547,남이 될 수 있을까,스무살,Indie
548,입장차이,오반,Indie
549,봄이 좋냐??,10CM,Indie
550,한시 오분 (1:05),검정치마,Indie
551,동그라미,최유리,Indie
552,나랑 아니면,검정치마,Indie
553,새벽에만,도규,Indie
554,Little Star,스탠딩 에그,Indie
555,안았어야해 (Feat. Futuristic Swaver),JAEHA (재하),Indie
556,Beige coat,그리즐리 (Grizzly),Indie
557,seasons,wave to earth,Indie
558,달,스트레이 (The Stray),Indie
559,너의 로맨스에 내 이름을 써줘 (Prod. IVY GROUND),104 (백사),Indie
560,별 보러 갈래?,볼빨간사춘기,Indie
561,낭만젊음사랑,이세계,Indie
562,있어줘요,장덕철,Indie
563,시가 될 이야기,신지훈,Indie
564,초록을거머쥔우리는,잔나비,Indie
565,나비와 고양이 (feat.백현 (BAEKHYUN)),볼빨간사춘기,Indie
566,나는 반딧불,중식이,Indie
567,고백하는 취한밤에 (Prod. 2soo),임재현,Indie
568,와줘..,그리즐리 (Grizzly),Indie
569,Life is Wet (feat. JMIN),CAMO,Indie
570,심술,볼빨간사춘기,Indie
571,널 생각해,원 모어 찬스 (one more chance),Indie
572,Wifey (feat. 사이먼 도미닉),CAMO,Indie
573,josee!,데이먼스 이어 (Damons year),Indie
574,꽃 (Prod. Inf),안재우,Indie
575,졸업,달담,Indie
576,서울의 잠 못 이루는 밤 (Feat. 이수현),10CM,Indie
577,우리 다투게 돼도 이것만 기억해 줄래 눈을 맞추고 서로가 서로의 손잡아 주며 낮은 목소리와 예쁜 말투로 상처 주지 않게 노력을 하고 ●,그리즐리 (Grizzly),Indie
578,첫눈동화 (My First Snow),마크툽 (MAKTUB),Indie
579,서면역에서,순순희,Indie
580,오늘도 그대만 (Feat. 정동원),T.P RETRO (타디스 프로젝트舊),Indie
581,Made In Christmas (feat. 이수현 of 악동뮤지션),잔나비,Indie
582,영화,피아노맨,Indie
583,사랑하지마 안아주지마,#안녕,Indie
584,인셉션 (feat. 1ho &amp; Chan),공기남,Indie
585,Goodbye my love,볼빨간사춘기,Indie
586,투게더!,잔나비,Indie
587,비행운,문문 (MoonMoon),Indie
588,꿈과 책과 힘과 벽,잔나비,Indie
589,같애 (Feat. SHIRT),g0nny (거니),Indie
590,유리의 성 (Castle of Glass),마크툽 (MAKTUB),Indie
591,꿈나라 별나라,잔나비,Indie
592,여름날 (feat. 하현상),볼빨간사춘기,Indie
593,Blue,볼빨간사춘기,Indie
594,헤어지던 밤,어쿠루브,Indie
595,별을 담은 시 (Ode To The Stars),이라온,Indie
596,PILLOW,PL (피엘),Indie
597,DREAMLIKE,PL (피엘),Indie
598,너 들으라고 만들었어,도규,Indie
599,쿠키 영상,오반,Indie
600,친구 얘긴데 (feat. Skinny Brown),그리즐리 (Grizzly),Indie
601,pony,잔나비,Indie
602,Seoul,볼빨간사춘기,Indie
603,Chase Love Hard (Feat. 황민현),볼빨간사춘기,Indie
604,November Rain,잔나비,Indie
605,여름을 좋아하는 이유,윤딴딴,Indie
606,초대,멜로망스,Indie
607,비오는 날 뭐해,하은 (포맨),Indie
608,니 사진만 쳐다보는 일,순순희,Indie
609,사랑해서 미안해서,Kid Wine,Indie
610,코인 노래방,21학번,Indie
611,Say Yes,스탠딩 에그,Indie
612,허리춤,오반,Indie
613,워커홀릭,볼빨간사춘기,Indie
614,너로 자유롭다 (Libere Flore),마크툽 (MAKTUB),Indie
615,Rome,볼빨간사춘기,Indie
616,좋은 꿈 꿔 0224.mp3,볼빨간사춘기,Indie
617,다시 보고 싶은 영화가 있어,영화 (mu.b),Indie
618,우리가 맞다는 대답을 할 거예요 (@leekangseung111),10CM,Indie
619,낭만고양이,체리필터 (cherryfilter),Indie
620,바람이 될게,스트레이 (The Stray),Indie
621,좀 더 일찍 말해주지 그랬어,#안녕,Indie
622,프리지아,볼빨간사춘기,Indie
623,내가 바보라서 그래?,KIXO (키조),Indie
624,부끄럼,멜로망스,Indie
625,#첫사랑,볼빨간사춘기,Indie
626,사랑해줘요,피아노맨,Indie
627,가끔 연락하던 애 (@kyulisme),10CM,Indie
628,나랑 같이 걸을래 (바른연애 길잡이 X 적재),적재,Indie
629,별 보러 가자,적재,Indie
630,작은 날,Kid Wine,Indie
631,"나의 모든 이들에게,",Mingginyu (밍기뉴),Indie
632,마음이 말하는 행복 (Happiness) (Feat.이라온),마크툽 (MAKTUB),Indie
633,사랑이 남긴 것들 (Feat. 한요한),Kid Wine,Indie
634,후라이의 꿈,AKMU (악뮤),Blues
635,연애편지,임영웅,Blues
636,오랜 날 오랜 밤,AKMU (악뮤),Blues
637,Swan Song,LE SSERAFIM (르세라핌),Blues
638,Give Love,AKMU (악뮤),Blues
639,IF YOU,BIGBANG (빅뱅),Blues
640,Somebody,디오 (D.O.),Blues
641,가을 아침,아이유,Blues
642,200%,AKMU (악뮤),Blues
643,사라진 모든 것들에게(with ELLE KOREA),사이먼 도미닉,Blues
644,Too Sad to Dance,정국,Blues
645,STAY,BLACKPINK,Blues
646,"L’Amour, Les Baguettes, Paris",스텔라장 (Stella Jang),Blues
647,봄봄봄,로이킴,Blues
648,마음,아이유,Blues
649,애상,10CM,Blues
650,청춘 (Feat. 김창완),김필,Blues
651,기대어 앉은 오후에는,소수빈,Blues
652,바다,최유리,Blues
653,서른 즈음에,김광석,Blues
654,너무 아픈 사랑은 사랑이 아니었음을,김광석,Blues
655,가을 타나 봐,이무진,Blues
656,사랑해 진짜,임영웅,Blues
657,Gone,로제 (ROSÉ),Blues
658,여름비,샘김 (Sam Kim),Blues
659,잊어야 한다는 마음으로,김광석,Blues
660,Happy Song,멜로망스,Blues
661,잘 지내,적재,Blues
662,지켜줄게,백예린 (Yerin Baek),Blues
663,테두리,백아,Blues
664,pet,10CM,Blues
665,싸운날,볼빨간사춘기,Blues
666,돌아가네,영탁,Blues
667,미운오리새끼,leejean,Blues
668,사랑했지만,김광석,Blues
669,그게 뭐라고,어쿠루브,Blues
670,X Song,볼빨간사춘기,Blues
671,Why So Lonely,EJel (이젤),Blues
672,너 사용법,에디킴,Blues
673,기적 (Wonder),디오 (D.O.),Blues
674,Whisky on the Rock,김연지,Blues
675,Second Chance,영탁,Blues
676,Love Love Love,로이킴,Blues
677,Mermaid,볼빨간사춘기,Blues
678,아침만 남겨주고,김현창,Blues
679,정거장,아이유,Blues
680,매트리스,10CM,Blues
681,널 보고 있으면,"고막남친단 (테종, 홍이삭)",Blues
682,오빠야,신현희와김루트,Blues
683,RE-BYE,AKMU (악뮤),Blues
684,피노키오,로이킴,Blues
685,밤 끝없는 밤,AKMU (악뮤),Blues
686,이상한 사람,존박,Blues
687,월급은 통장을 스칠 뿐,스텔라장 (Stella Jang),Blues
688,"수고했어, 오늘도",옥상달빛,Blues
689,사랑하는 사람들에게 가장 상처 주는 키를 우리는 모두 가지고 있어,김사월,Blues
690,"그대와 나, 설레임 (Feat. 소울맨)",어쿠스틱 콜라보,Blues
691,추억속의 그대,"OMZ (이젤 (EJel), leejean)",Blues
692,김성호의 회상,테종,Blues
693,백만송이 장미,김수영,Blues
694,Love,볼빨간사춘기,Blues
695,혼자만의 느낌,"형님 먼저 아우 먼저 (서윤혁, 소수빈)",Blues
696,단 하나,최유리,Blues
697,Be Your Christmas (Feat. 볼빨간사춘기),스웨덴세탁소,Blues
698,여름에 두었다,숀 (SHAUN),Blues
699,난 묻어요,허회경,Blues
700,사랑에게,최유리,Blues
701,내게 사랑은 너무 써,서윤혁,Blues
702,생각을 멈추다 보면,최유리,Blues
703,대화가 필요해,주시크 (Joosiq),Blues
704,Rose,디오 (D.O.),Blues
705,방황하는 젊음,최유리,Blues
706,너의 밤은 어때,그_냥,Blues
707,우리만은,최유리,Blues
708,10월의 날씨,10CM,Blues
709,여름밤에 우린,스탠딩 에그,Blues
710,가끔 미치도록 네가 안고 싶어질 때가 있어,가을방학,Blues
711,외국인의 고백,AKMU (악뮤),Blues
712,품,볼빨간사춘기,Blues
713,얼음들,AKMU (악뮤),Blues
714,라면인건가,AKMU (악뮤),Blues
715,사랑한대 (With Windy),스탠딩 에그,Blues
716,물 만난 물고기,AKMU (악뮤),Blues
717,작은별,AKMU (악뮤),Blues
718,리얼리티,AKMU (악뮤),Blues
719,WE GO HIGH,로이킴,Blues
720,그리움에 지쳐서 힘들어 하는 밤,어쿠루브,Blues
721,그게 뭐라고 (여름날 우리 X 황민현),황민현,Blues
722,빌런 (Villain),스텔라장 (Stella Jang),Blues
723,방에 모기가 있어 (Do You Think Of Me?),10CM,Blues
724,로맨틱 선데이,카더가든,Blues
725,오늘밤은 어둠이 무서워요,10CM,Blues
726,너로 짙은 밤 (With 한올),새봄 (saevom),Blues
727,너란 봄 (Feat. 하림),정은지,Blues
728,나와 내 이웃에게,허회경,Blues
729,"반짝 빛나던, 나의 2006년",적재,Blues
730,그러나,10CM,Blues
731,쓰담쓰담,10CM,Blues
732,편지,n@di (나디),Blues
733,사랑을 말해요,이문세,Blues
734,"사랑노래 같은 이별노래 (Feat. 한올, 리와인)",어쿠루브,Blues
735,나들이 갈까,볼빨간사춘기,Blues
736,비밀의 화원,원슈타인,Blues
737,빈칸을 채워주시오,볼빨간사춘기,Blues
738,"오, 사랑",적재,Blues
739,너,아이유,Blues
740,Oh Friday (루디고 GO X 송예빈),송예빈,Blues
741,고쳐주세요,볼빨간사춘기,Blues
742,오 나의 사랑,이재훈 (쿨),Blues
743,Picnic,오왠 (O.WHEN),Blues
744,그대 발길 머무는 곳에,김희재,Blues
745,봄이 되어줄게 (Feat. 그_냥),고닥,Blues
746,짝사랑 (feat. 민수) (@kiiiiiiiiiite),10CM,Blues
747,간밤에,기리보이,Blues
748,상상,볼빨간사춘기,Blues
749,취기를 빌려 (Vocal 이민혁),새봄 (saevom),Blues
750,봄이 온 것 같애,1415,Blues
751,꽃,로이킴,Blues
752,이름,최유리,Blues
753,1995년 여름,이승윤,Blues
754,넌 이별 난 아직 (With 한소현 Of 3rd Coast),스탠딩 에그,Blues
755,벚꽃이 내린다,소란 (SORAN),Blues
756,To. X,태연 (TAEYEON),R&B
757,밤양갱,비비 (BIBI),R&B
758,"Yes or No (Feat. 허윤진 of LE SSERAFIM, Crush)",그루비룸 (GroovyRoom),R&B
759,Either Way,IVE (아이브),R&B
760,Merry PLLIstmas,PLAVE,R&B
761,"Shh.. (Feat. 혜인(HYEIN), 조원선 &amp; Special Narr. 패티김)",아이유,R&B
762,정이라고 하자 (Feat. 10CM),BIG Naughty (서동현),R&B
763,Yes or No,정국,R&B
764,Still With You,정국,R&B
765,Thinkin' About You,H1-KEY (하이키),R&B
766,Nobody Knows,KISS OF LIFE,R&B
767,빛이 나는 너에게,던 (DAWN),R&B
768,비도 오고 그래서 (Feat. 신용재),헤이즈 (Heize),R&B
769,사랑노래,dori,R&B
770,괜찮아도 괜찮아 (That's okay),디오 (D.O.),R&B
771,DIE 4 YOU,DEAN,R&B
772,Bye bye my blue,백예린 (Yerin Baek),R&B
773,Sugarcoat (NATTY Solo),KISS OF LIFE,R&B
774,사랑이라 믿었던 것들은 (Feat. 이수현),BIG Naughty (서동현),R&B
775,Thirsty,aespa,R&B
776,Vancouver,BIG Naughty (서동현),R&B
777,Square (2017),백예린 (Yerin Baek),R&B
778,안 아름답고도 안 아프구나,원슈타인,R&B
779,Boat,죠지,R&B
780,밤 (Night),dori,R&B
781,헤픈 우연,헤이즈 (Heize),R&B
782,바람기억,나얼,R&B
783,머물러주오 (Prod. 안신애 &amp; Philtre),소수빈,R&B
784,"All I Wanna Do (K) (Feat. Hoody, Loco)",박재범,R&B
785,미워 (Ego),Crush,R&B
786,instagram,DEAN,R&B
787,한숨,이하이,R&B
788,Dear. PLLI,PLAVE,R&B
789,딱 10CM만,BIG Naughty (서동현),R&B
790,보고싶었어,WSG워너비(4FIRE),R&B
791,사람 Pt.2 (feat. 아이유),Agust D,R&B
792,벌써 일년,브라운 아이즈,R&B
793,한번만 더,소수빈,R&B
794,넌 쉽게 말했지만,소수빈,R&B
795,Be There For Me,NCT 127,R&B
796,비,폴킴,R&B
797,D (half moon) (Feat. 개코),DEAN,R&B
798,GANADARA (Feat. 아이유),박재범,R&B
799,Rush Hour (Feat. j-hope of BTS),Crush,R&B
800,체념,빅마마,R&B
801,"무제(無題) (Untitled, 2014)",G-DRAGON,R&B
802,썸 (Feat. 릴보이 Of 긱스),정기고,R&B
803,미안해,양다일,R&B
804,팔레트 (Feat. G-DRAGON),아이유,R&B
805,밤이 되니까,펀치 (Punch),R&B
806,Smart,LE SSERAFIM (르세라핌),R&B
807,"하나,둘 (Feat. 펀치 (Punch))",김승민,R&B
808,너를 위해,시우민 (XIUMIN),R&B
809,친구라도 될 걸 그랬어,거미,R&B
810,Love Me Again,V,R&B
811,떠나 (Prod. PATEKO (파테코)),Jayci yucca (제이씨 유카),R&B
812,잊어버리지마 (Feat. 태연),Crush,R&B
813,"낭만교향곡 (Feat. CHANGMO, 박재범)",BIG Naughty (서동현),R&B
814,그런 일은,Paul Blanco,R&B
815,밝게 빛나는 별이 되어 비춰줄게,송이한,R&B
816,사랑이 잘 (With 오혁),아이유,R&B
817,우주를 건너,백예린 (Yerin Baek),R&B
818,Polaroid Love,ENHYPEN,R&B
819,와르르 ♥,Colde (콜드),R&B
820,귀로,나얼,R&B
821,Take Two,방탄소년단,R&B
822,Dream (Prod. by 박근태),백현 (BAEKHYUN),R&B
823,친구로 지내다 보면 (Feat. 김민석 of 멜로망스),BIG Naughty (서동현),R&B
824,UNLOVE (prod. HONNE),Zion.T,R&B
825,같은 시간 속의 너,나얼,R&B
826,그건 아마 우리의 잘못은 아닐 거야,백예린 (Yerin Baek),R&B
827,한강에서 (Feat. BIG Naughty),폴킴,R&B
828,도망가자 (Run With Me),선우정아,R&B
829,갖고놀래 (Feat. 다이나믹 듀오),범키,R&B
830,"눈, 코, 입",태양,R&B
831,오늘 취하면 (Feat. 창모) (Prod. SUGA),SURAN (수란),R&B
832,내사람,SG 워너비,R&B
833,꽃 길,BIGBANG (빅뱅),R&B
834,삐삐,아이유,R&B
835,Slow Dancing,V,R&B
836,0310,백예린 (Yerin Baek),R&B
837,정말 사랑했을까,브라운 아이드 소울,R&B
838,예고 없이,헤이즈 (Heize),R&B
839,Hurt,NewJeans,R&B
840,날 그만 잊어요,거미,R&B
841,연,빅마마,R&B
842,Must Have Love,브라운아이드걸스,R&B
843,_WORLD,세븐틴 (SEVENTEEN),R&B
844,Perfume,NCT 도재정,R&B
845,2 O' CLOCK,dori,R&B
846,Click Like (Prod. Crush) (Feat. Paul Blanco),Crush,R&B
847,"INFJ (Feat. B.I, 방예담)",BIG Naughty (서동현),R&B
848,나 홀로 집에 (Home Alone),NCT 127,R&B
849,Melt Away,태연 (TAEYEON),R&B
850,Guilty,태민 (TAEMIN),R&B
851,하얀 거짓말 (White Lie),NCT 127,R&B
852,Somebody,정국,R&B
853,소우주 (Mikrokosmos),방탄소년단,R&B
854,벌써 크리스마스,정세운,R&B
855,흠칫 (Hmm-cheat),Crush,R&B
856,그댄 달라요 (말하고 싶은 비밀 X 권진아),권진아,R&B
857,크리스마스데이 (Christmas Day),이광현,R&B
858,Fabulous,태연 (TAEYEON),R&B
859,Rainy Days,V,R&B
860,다음 겨울에도 여기서 만나,서동환,R&B
861,아이(I) (Feat. DAWN),박봄 (Park Bom),R&B
862,For You (Feat. Crush),이하이,R&B
863,너는 나 나는 너,지코 (ZICO),R&B
864,하품,세븐틴 (SEVENTEEN),R&B
865,후디에 반바지,이효리,R&B
866,Good Night,ZEROBASEONE (제로베이스원),R&B
867,어떨것같애 (Feat. ZICO),MEENOI,R&B
868,Kidz Zone,ZEROBASEONE (제로베이스원),R&B
869,7시에 들어줘 (Feat. Peder Elias),부석순 (SEVENTEEN),R&B
870,Daylight,BIG Naughty (서동현),R&B
871,어떻게 지내,Crush,R&B
872,무중력 (Space),NCT 127,R&B
873,벌써일년,브라운 아이즈,R&B
874,"그때의 나, 그때의 우리",어반자카파,R&B
875,별의 시 (Love is a beauty),NCT 127,R&B
876,Real Life,NCT 127,R&B
877,소나기 (Misty),NCT 127,R&B
878,Dreamer,투모로우바이투게더,R&B
879,INVITATION (Feat. 개코),JUNNY (주니),R&B
880,I remember,ASH ISLAND,R&B
881,Like We Just Met,NCT DREAM,R&B
882,RIDE (Feat. THAMA),SOLE (쏠),R&B
883,Blue,V,R&B
884,좋아 (JOAH),박재범,R&B
885,For Us,V,R&B
886,Yesterday,박재범,R&B
887,Candy (Feat. Zion.T),박재범,R&B
888,Poison (모래성),NCT DREAM,R&B
889,먼지,세븐틴 (SEVENTEEN),R&B
890,N.Y.C.T,NCT U,R&B
891,톡톡톡,영탁,R&B
892,Love Me Love Me,권진아,R&B
893,"Can I Love ? (Feat. 유라(youra), Meego)",Cosmic Boy,R&B
894,No Make Up,Zion.T,R&B
895,MOVIE,JUNNY (주니),R&B
896,제자리 걸음 (Starry Night),NCT DREAM,R&B
897,비도 오고 그래서,이홍기 (FT아일랜드),R&B
898,개별로,전소미,R&B
899,바다 가자,로지(ROZY),R&B
900,저 별,dori,R&B
901,목요일 밤 (Feat. 빈지노),어반자카파,R&B
902,April shower,세븐틴 (SEVENTEEN),R&B
903,Horizon,재현 (JAEHYUN),R&B
904,Impurities,LE SSERAFIM (르세라핌),R&B
905,Oasis (Feat. ZICO),Crush,R&B
906,No Makeup,EXO,R&B
907,Welcome To MY World (Feat. nævis),aespa,R&B
908,슝! (feat. LISA of BLACKPINK),태양,R&B
909,Another Day,EXO,R&B
910,Graduation,NCT DREAM,R&B
911,I Don't Understand But I Luv U,세븐틴 (SEVENTEEN),R&B
912,깨진 아이폰,김시원,R&B
913,장마,정인,R&B
914,I'm Unhappy,aespa,R&B
915,Love Is Ugly (Feat. 화사),박재범,R&B
916,니편이야,영탁,R&B
917,Lovey Dovey (Feat. meenoi),BIG Naughty (서동현),R&B
918,Sunday Night Drive,박재범,R&B
919,Number (Feat. BIG Naughty (서동현)),릴러말즈 (Leellamarz),R&B
920,Love War (Feat. BE‘O),YENA (최예나),R&B
921,Kiss,NCT 도재정,R&B
922,후유증 (Can We Go Back),NCT 도재정,R&B
923,Dive,NCT 도재정,R&B
924,Strawberry Sunday,NCT 도재정,R&B
925,마치 (Feat. 키드밀리),MEENOI,R&B
926,다시는 사랑한다 말하지 마 (Feat. RM of BTS),Colde (콜드),R&B
927,Inspiration (feat. Beenzino),태양,R&B
928,CIRCLE (Feat. Crush),코드 쿤스트 (CODE KUNST),R&B
929,불이 꺼지고,BE'O (비오),R&B
930,"55 (Feat. 백예린, 웬디)",코드 쿤스트 (CODE KUNST),R&B
931,Alone,지민,R&B
932,내 세상을 주고 싶어,송이한,R&B
933,HoMe boy (Feat. 이하이),코드 쿤스트 (CODE KUNST),R&B
934,Single,원슈타인,R&B
935,"Page 1 (Feat. 백예린, pH-1)",코드 쿤스트 (CODE KUNST),R&B
936,이불 (Feat. BIG Naughty),코드 쿤스트 (CODE KUNST),R&B
937,우리,이데아 (idea),R&B
938,손을 마주 잡고,BIG Naughty (서동현),R&B
939,Marry Me (꽃길만 걷자),우디 (Woody),R&B
940,Tinnitus (돌멩이가 되고 싶어),투모로우바이투게더,R&B
941,오래오래,죠지,R&B
942,"BAD BAD (Feat. Tabber, 박재범)",코드 쿤스트 (CODE KUNST),R&B
943,몽유 (Feat. 그냥노창),BIG Naughty (서동현),R&B
944,Happy,태연 (TAEYEON),R&B
945,Akita (Feat. hartts) (Prod. OBSN),BE'O (비오),R&B
946,덫,BIG Naughty (서동현),R&B
947,"빠삐용,",BIG Naughty (서동현),R&B
948,Smoke Sprite (feat. RM of BTS),So!YoON! (황소윤),R&B
949,Coin,아이유,R&B
950,북극성 (Never Goodbye),NCT DREAM,R&B
951,에피소드,이무진,Rock
952,예뻤어,DAY6 (데이식스),Rock
953,한 페이지가 될 수 있게,DAY6 (데이식스),Rock
954,사건의 지평선,윤하 (YOUNHA),Rock
955,심(心),DK(디셈버),Rock
956,Discord,QWER,Rock
957,Shopper,아이유,Rock
958,무지개,임영웅,Rock
959,London Boy,임영웅,Rock
960,Polaroid,임영웅,Rock
961,여섯 번째 여름,PLAVE,Rock
962,관객이 될게 (I stan U),아이유,Rock
963,TOMBOY,(여자)아이들,Rock
964,잠깐 시간 될까,이무진,Rock
965,Blueming,아이유,Rock
966,신호등,이무진,Rock
967,사랑했나봐,윤도현,Rock
968,오르트구름,윤하 (YOUNHA),Rock
969,Vancouver 2,BIG Naughty (서동현),Rock
970,봄여름가을겨울 (Still Life),BIGBANG (빅뱅),Rock
971,시작,가호 (Gaho),Rock
972,사랑의 바보,더 넛츠 (The NuTs),Rock
973,strawberry moon,아이유,Rock
974,흔들리는 꽃들 속에서 네 샴푸향이 느껴진거야,장범준,Rock
975,에잇(Prod.&amp;Feat. SUGA of BTS),아이유,Rock
976,Love poem,아이유,Rock
977,첫 키스에 내 심장은 120BPM,경서,Rock
978,남자를 몰라,버즈,Rock
979,흰수염고래,YB (윤도현 밴드),Rock
980,"스물다섯, 스물하나",자우림,Rock
981,옥탑방 (Rooftop),엔플라잉 (N.Flying),Rock
982,예뻤어 (여름날 우리 X 김민석 (멜로망스)),김민석,Rock
983,비와 당신,이무진,Rock
984,I (Feat. 버벌진트),태연 (TAEYEON),Rock
985,기억을 걷는 시간,넬 (NELL),Rock
986,낙하 (with 아이유),AKMU (악뮤),Rock
987,가시,버즈,Rock
988,형 (兄),노라조,Rock
989,My Love (And),버즈,Rock
990,Monologue,버즈,Rock
991,Never Ending Story,부활,Rock
992,CHRISTIAN,Zior Park,Rock
993,안녕 (Hello),조이 (JOY),Rock
994,질풍가도 ('쾌걸 근육맨 2세' 1기 여는노래),유정석,Rock
995,벚꽃 엔딩,버스커 버스커,Rock
996,기다릴게,PLAVE,Rock
997,사랑앓이,FTISLAND (FT아일랜드),Rock
998,비밀번호 486,윤하 (YOUNHA),Rock
999,겁쟁이,버즈,Rock
1000,고백,델리스파이스,Rock
1001,이미 슬픈 사랑,야다 (Yada),Rock
1002,Starlight,태일 (TAEIL),Rock
1003,Endless,플라워,Rock
1004,나에게로 떠나는 여행,버즈,Rock
1005,Drive,미연 ((여자)아이들),Rock
1006,고백 (영화 '동감' X 츄 (이달의 소녀)),츄 (CHUU),Rock
1007,행복했던 날들이었다,DAY6 (데이식스),Rock
1008,발걸음,에메랄드 캐슬,Rock
1009,노래방에서,장범준,Rock
1010,개화 (Flowering),LUCY,Rock
1011,Love me or Leave me,DAY6 (데이식스),Rock
1012,Broken Melodies,NCT DREAM,Rock
1013,그렇지 않아,규현 (KYUHYUN),Rock
1014,내 마음이 너에게 닿기를,경서,Rock
1015,사랑은 가슴이 시킨다,버즈,Rock
1016,연착,BIG Naughty (서동현),Rock
1017,옛 친구에게,홍이삭,Rock
1018,제주도의 푸른 밤,태연 (TAEYEON),Rock
1019,아니 근데 진짜,LUCY,Rock
1020,하늘 끝에서 흘린 눈물,주니퍼,Rock
1021,맨정신,BIGBANG (빅뱅),Rock
1022,너를 보내고,YB (윤도현 밴드),Rock
1023,Zombie,DAY6 (데이식스),Rock
1024,Revenge,(여자)아이들,Rock
1025,돌덩이,하현우 (국카스텐),Rock
1026,Good Morning,YENA (최예나),Rock
1027,1조,이찬혁,Rock
1028,Higher,비투비,Rock
1029,나는 나비,YB (윤도현 밴드),Rock
1030,사랑 Two,윤도현,Rock
1031,환호,Young K (DAY6),Rock
1032,그대만 있다면,러브홀릭,Rock
1033,Home Sweet Home,카더가든,Rock
1034,비의 랩소디,최재훈,Rock
1035,시대유감 (時代遺憾) (2024 aespa Remake Ver.),aespa,Rock
1036,봄 to 러브,10CM,Rock
1037,직항,BIG Naughty (서동현),Rock
1038,청춘이 버겁다 (Prod. 정동환) (베일드뮤지션 X 이무진 with 화곡동),이무진,Rock
1039,사랑하는 법을 몰라서 (2023),FTISLAND (FT아일랜드),Rock
1040,혜성,윤하 (YOUNHA),Rock
1041,Headliner,세븐틴 (SEVENTEEN),Rock
1042,"몇 번의 여름 (여름날 우리 X TOIL, Gist)",DAY6 (Even of Day),Rock
1043,Boogie Man,Gist,Rock
1044,心 (심),윤도현,Rock
1045,물수제비,투모로우바이투게더,Rock
1046,Angel Eyes,NCT 127,Rock
1047,I Love You,AKMU (악뮤),Rock
1048,Growing Pain,투모로우바이투게더,Rock
1049,Blue Spring,투모로우바이투게더,Rock
1050,시작된 걸까 (Prod. My Aunt Mary),10CM,Rock
1051,Lost,디오 (D.O.),Rock
1052,The Astronaut,진,Rock
1053,On The Ground,로제 (ROSÉ),Rock
1054,Hate Rodrigo (Feat. 우기 ((여자)아이들)),YENA (최예나),Rock
1055,올려,영탁,Rock
1056,여수 밤바다,버스커 버스커,Rock
1057,측정거부,이무진,Rock
1058,이것밖에는 없다,Young K (DAY6),Rock
1059,우리의 꿈,코요태,Rock
1060,let it be summer,Young K (DAY6),Rock
1061,No Celestial,LE SSERAFIM (르세라핌),Rock
1062,Sage,FTISLAND (FT아일랜드),Rock
1063,물고기,백예린 (Yerin Baek),Rock
1064,너에게로 (EUROPA),HYNN (박혜원),Rock
1065,민들레 (full ver.),우효,Rock
1066,와스레나이 (Prod By D-Hack),다나카(TANAKA),Rock
1067,Still You,승관 (SEVENTEEN),Rock
1068,Blue Moon,엔플라잉 (N.Flying),Rock
1069,등대,하현상,Rock
1070,말리지 마,(여자)아이들,Rock
1071,After,송이한,Rock
1072,꽃송이가,버스커 버스커,Rock
1073,LO$ER=LO♡ER,투모로우바이투게더,Rock
1074,LOVE YOU! (Feat. Tablo),김필,Rock
1075,황금가면,김동률,Rock
1076,시간과 흔적,하현상,Rock
1077,마지막 시,BIG Naughty (서동현),Rock
1078,네버랜드를 떠나며,투모로우바이투게더,Rock
1079,By My Side,Etham,Rock
1080,당신과는 천천히,장범준,Rock
1081,MAGIC!,Zior Park,Rock
1082,끝말잇기 (Feat. Skinny Brown),Gist,Rock
1083,봄바람 (Feat. 나얼),이문세,Rock
1084,봄바람,김재환,Rock
1085,PSYCHO LOVE,Zior Park,Rock
1086,첫사랑,버스커 버스커,Rock
1087,다시 사랑한다면,도원경,Rock
1088,Raise Up The Flag,권진아,Rock
1089,0X1=LOVESONG (I Know I Love You) feat. Seori,투모로우바이투게더,Rock
1090,바래,FTISLAND (FT아일랜드),Rock
1091,처음엔 사랑이란게,DAY6 (데이식스),Rock
1092,I Don't Think That I Like Her,Charlie Puth,Pop
1093,Steal The Show (From “엘리멘탈”),Lauv,Pop
1094,Dangerously,Charlie Puth,Pop
1095,STAY,Justin Bieber,Pop
1096,Off My Face,Justin Bieber,Pop
1097,Snowman,Sia,Pop
1098,Obsessed,Ayumu Imazu,Pop
1099,That's Hilarious,Charlie Puth,Pop
1100,2002,Anne-Marie,Pop
1101,That’s Not How This Works (feat. Dan + Shay),Charlie Puth,Pop
1102,Love Yourself,Justin Bieber,Pop
1103,I'm Not The Only One,Sam Smith,Pop
1104,Beautiful Things,Benson Boone,Pop
1105,Shape of You,Ed Sheeran,Pop
1106,Loving You Girl (Feat. Hkeem),Peder Elias,Pop
1107,One Call Away,Charlie Puth,Pop
1108,Rewrite The Stars,Zendaya,Pop
1109,Every Second,Mina Okabe,Pop
1110,Cruel Summer,Taylor Swift,Pop
1111,Paris in the Rain,Lauv,Pop
1112,Memories,Maroon 5,Pop
1113,12:45 (Stripped),Etham,Pop
1114,When I Get Old,청하,Pop
1115,YOUTH,Troye Sivan,Pop
1116,Dreamers [Music from the FIFA World Cup Qatar 2022 Official Soundtrack] (Feat. FIFA Sound),방탄소년단,Pop
1117,Left and Right (Feat. Jung Kook of BTS),방탄소년단,Pop
1118,double take,Dhruv,Pop
1119,Sugar,Maroon 5,Pop
1120,Bad,Christopher,Pop
1121,Attention,Charlie Puth,Pop
1122,There's Nothing Holdin' Me Back,Shawn Mendes,Pop
1123,Believer,Imagine Dragons,Pop
1124,comethru,Jeremy Zucker,Pop
1125,Painkiller,Ruel,Pop
1126,"yes, and?",Ariana Grande,Pop
1127,GHOST TOWN,Benson Boone,Pop
1128,I Like Me Better,Lauv,Pop
1129,Maniac,Conan Gray,Pop
1130,Bad Habits,Ed Sheeran,Pop
1131,parachute,John K,Pop
1132,Santa Tell Me,Ariana Grande,Pop
1133,Like Strangers Do,AJ Mitchell,Pop
1134,We Don't Talk Anymore (feat. Selena Gomez),Charlie Puth,Pop
1135,High Hopes,Panic! At The Disco,Pop
1136,Dance Monkey,Tones And I,Pop
1137,Unholy,Kim Petras,Pop
1138,As It Was,Harry Styles,Pop
1139,Stuck with U,Justin Bieber,Pop
1140,Perfect,Ed Sheeran,Pop
1141,Peaches (Feat. Daniel Caesar &amp; Giveon),Justin Bieber,Pop
1142,Tiny Riot,Sam Ryder,Pop
1143,Lost Stars,Adam Levine,Pop
1144,Numb Little Bug,Em Beihold,Pop
1145,Light Switch,Charlie Puth,Pop
1146,Flower,Johnny Stimson,Pop
1147,bad guy,Billie Eilish,Pop
1148,Never Not,Lauv,Pop
1149,Stronger (What Doesn't Kill You),Kelly Clarkson,Pop
1150,What Makes You Beautiful,One Direction,Pop
1151,Don't Start Now,Dua Lipa,Pop
1152,7 Years,Lukas Graham,Pop
1153,Like 1999,Valley,Pop
1154,Everytime We Touch (Radio Edit),Cascada,Pop
1155,Sunroof,dazy,Pop
1156,To Die For,Sam Smith,Pop
1157,Unstoppable,Sia,Pop
1158,Fall In Love Alone,Stacey Ryan,Pop
1159,Dancing With Your Ghost,Sasha Alex Sloan,Pop
1160,Savage Love (Laxed - Siren Beat) (BTS Remix),방탄소년단,Pop
1161,All 4 Nothing (I'm So In Love),Lauv,Pop
1162,Love U Like That,Lauv,Pop
1163,Payphone (Feat. Wiz Khalifa),Maroon 5,Pop
1164,My Universe,방탄소년단,Pop
1165,Intrusive Thoughts,Natalie Jane,Pop
1166,"always, i'll care",Jeremy Zucker,Pop
1167,Ashes,Stellar,Pop
1168,In The Stars,Benson Boone,Pop
1169,7 rings,Ariana Grande,Pop
1170,Goodbye My Baby,Jace June,Pop
1171,Water,Tyla,Pop
1172,Flowers,Miley Cyrus,Pop
1173,Tango,Abir,Pop
1174,abcdefu,GAYLE,Pop
1175,Baby (Feat. Ludacris),Justin Bieber,Pop
1176,"thank u, next",Ariana Grande,Pop
1177,Speechless (Full) (From &quot;Aladdin&quot;/Soundtrack Version),Naomi Scott,Pop
1178,This Is Me,The Greatest Showman Ensemble,Pop
1179,Kiss Me More (Feat. SZA),Doja Cat,Pop
1180,Last Christmas,Ariana Grande,Pop
1181,That's What I Like,Bruno Mars,Pop
1182,Uptown Funk (Feat. Bruno Mars),Mark Ronson,Pop
1183,Watermelon Sugar,Harry Styles,Pop
1184,Bonfire,Peder Elias,Pop
1185,Chandelier,Sia,Pop
1186,Angel Baby,Troye Sivan,Pop
1187,Leave Before You Love Me,Jonas Brothers,Pop
1188,High,5 Seconds of Summer,Pop
1189,Thunder,Imagine Dragons,Pop
1190,drunk text,Henry Moodie,Pop
1191,Sunday Morning,Maroon 5,Pop
1192,Underneath The Tree,Kelly Clarkson,Pop
1193,Make It To Christmas,Alessia Cara,Pop
1194,Back In Love,Sam Ryder,Pop
1195,Let It Go,Idina Menzel,Pop
1196,Made You Look,Meghan Trainor,Pop
1197,TOO MUCH,Central Cee,Pop
1198,Text Me Merry Christmas (Feat. Kristen Bell),Straight No Chaser,Pop
1199,Christmas Without You,Ava Max,Pop
1200,Santa's Coming For Us,Sia,Pop
1201,"Santa, Can’t You Hear Me",Ariana Grande,Pop
1202,Like It's Christmas,Jonas Brothers,Pop
1203,Mistletoe,Justin Bieber,Pop
1204,"Oh Santa! (Feat. Ariana Grande, Jennifer Hudson)",Mariah Carey,Pop
1205,come out and play,Billie Eilish,Pop
1206,Candy Cane Lane,Sia,Pop
1207,White Christmas,Kelly Clarkson,Pop
1208,HERE (For Christmas),Lukas Graham,Pop
1209,Think of Christmas,Anne-Marie,Pop
1210,Merry Christmas,Elton John,Pop
1211,Christmas Tree Farm,Taylor Swift,Pop
1212,My Only Wish (This Year),Britney Spears,Pop
1213,Cozy Little Christmas,Katy Perry,Pop
1214,Christmas Eve,Kelly Clarkson,Pop
1215,All I Want For Christmas Is You (SuperFestive!),Mariah Carey,Pop
1216,25th,Tori Kelly,Pop
1217,Warm on a Christmas Night,HONNE,Pop
1218,All I Want For Christmas Is You,New Hope Club,Pop
1219,With You This Christmas,Why Don't We,Pop
1220,You Make It Feel Like Christmas (Feat. Blake Shelton),Gwen Stefani,Pop
1221,Count on Christmas,Bebe Rexha,Pop
1222,Loneliest Time Of Year,Mabel,Pop
1223,Christmas Lights,Coldplay,Pop
1224,Baby It's Cold Outside (with Michael Bublé),Michael Buble,Pop
1225,Kiss You This Christmas,Why Don't We,Pop
1226,My Kind Of Present,Meghan Trainor,Pop
1227,My Only Wish (feat. Christopher),Jubel,Pop
1228,Naughty List,Dixie,Pop
1229,I Want That,(여자)아이들,Pop
1230,Here With Me,d4vd,Pop
1231,vampire,Olivia Rodrigo,Pop
1232,Overdrive,Post Malone,Pop
1233,Rush,Troye Sivan,Pop
1234,Chemical,Post Malone,Pop
1235,Señorita,Camila Cabello,Pop
1236,Bad Boy,Christopher,Pop
1237,HandClap,Fitz &amp; The Tantrums,Pop
1238,Expectations,(여자)아이들,Pop
1239,Call Me Maybe,Carly Rae Jepsen,Pop
1240,Mad at Disney,salem ilese,Pop
1241,If We Ever Broke Up,Mae Stephens,Pop
1242,Eyes Closed,Ed Sheeran,Pop
1243,Dance The Night,Dua Lipa,Pop
1244,pick up the phone,Henry Moodie,Pop
1245,I'm Yours,Jason Mraz,Pop
1246,My Stupid Heart (Kids Version),Luminati Suns,Pop
1247,Barbie Dreams (feat. Kaliii),FIFTY FIFTY,Pop
1248,"Angel Pt. 2 (Feat. JVKE, Charlie Puth, Muni Long)",Fast &amp; Furious: The Fast Saga,Pop
1249,24K Magic,Bruno Mars,Pop
1250,Marvin Gaye (Feat. Meghan Trainor),Charlie Puth,Pop
1251,Lilith (Diablo IV Anthem),SUGA,Pop
1252,Loser,Charlie Puth,Pop
1253,Hold On Tight,aespa,Pop
1254,Know Me Too Well,Danna Paola,Pop
1255,Mourning,Post Malone,Pop
1256,Ring Pop,Jax,Pop
1257,cheap sunglasses,John K,Pop
1258,how deep?,Tai Verdes,Pop
1259,Paper Plane,Peder Elias,Pop
1260,Anti-Hero,Taylor Swift,Pop
1261,How Do I Say Goodbye,Dean Lewis,Pop
1262,sheluvme,Tai Verdes,Pop
1263,Shivers,Ed Sheeran,Pop
1264,I'm Not Here To Make Friends,Calvin Harris,Pop
1265,Talking To Myself (demo),Lauv,Pop
1266,World's Smallest Violin,AJR,Pop
1267,Before You,Benson Boone,Pop
1268,VICIOUS,Thomas Day,Pop
1269,Me Too,Meghan Trainor,Pop
1270,don't miss me,Claire Rosinkranz,Pop
1271,Photograph,Ed Sheeran,Rock_Overseas
1272,Circles,Post Malone,Rock_Overseas
1273,Viva La Vida,Coldplay,Rock_Overseas
1274,Thinking Out Loud,Ed Sheeran,Rock_Overseas
1275,Don't Look Back In Anger,Oasis,Rock_Overseas
1276,My Love Mine All Mine,Mitski,Rock_Overseas
1277,Lucky (Feat. Colbie Caillat),Jason Mraz,Rock_Overseas
1278,Legends Never Die,Against The Current,Rock_Overseas
1279,Dancing In The Moonlight,Toploader,Rock_Overseas
1280,Counting Stars,OneRepublic,Rock_Overseas
1281,The Last Of The Real Ones,Fall Out Boy,Rock_Overseas
1282,Stereo Hearts (feat. Adam Levine),Gym Class Heroes,Rock_Overseas
1283,Lucky Strike,Maroon 5,Rock_Overseas
1284,I Love You So,The Walters,Rock_Overseas
1285,Creep,Radiohead,Rock_Overseas
1286,Everglow,Coldplay,Rock_Overseas
1287,Enemy (from the series Arcane League of Legends),League of Legends,Rock_Overseas
1288,The Great Escape,Boys Like Girls,Rock_Overseas
1289,We Are Young (feat. Janelle Monáe),Fun.,Rock_Overseas
1290,Maps,Maroon 5,Rock_Overseas
1291,Natural,Imagine Dragons,Rock_Overseas
1292,Beggin',Måneskin,Rock_Overseas
1293,Little Bit of Love,Tom Grennan,Rock_Overseas
1294,Bones,Imagine Dragons,Rock_Overseas
1295,Fix You,Coldplay,Rock_Overseas
1296,Youngblood,5 Seconds of Summer,Rock_Overseas
1297,Bohemian Rhapsody (2011 Remaster),Queen,Rock_Overseas
1298,When Will My Life Begin? (From &quot;Tangled&quot; / Soundtrack Version),Mandy Moore,Rock_Overseas
1299,How Long Will I Love You,Ellie Goulding,Rock_Overseas
1300,No Surprises,Radiohead,Rock_Overseas
1301,"RISE (Feat. The Glitch Mob, Mako &amp; The Word Alive)",League of Legends,Rock_Overseas
1302,Sk8er Boi,Avril Lavigne,Rock_Overseas
1303,Homage,Mild High Club,Rock_Overseas
1304,Animals,Maroon 5,Rock_Overseas
1305,Man on a Mission,Oh The Larceny,Rock_Overseas
1306,The Phoenix,Fall Out Boy,Rock_Overseas
1307,Basket Case,Green Day,Rock_Overseas
1308,Sweet Child O' Mine,Guns N' Roses,Rock_Overseas
1309,Champagne Supernova,Oasis,Rock_Overseas
1310,Wonderwall,Oasis,Rock_Overseas
1311,HEY CHILD,X Ambassadors,Rock_Overseas
1312,Gravity,John Mayer,Rock_Overseas
1313,Let It Be (Remastered 2009),The Beatles,Rock_Overseas
1314,K.,Cigarettes After Sex,Rock_Overseas
1315,Hotel California (2013 Remaster),Eagles,Rock_Overseas
1316,Bad Feeling (Oompa Loompa) (Explicit Ver.),Jagwar Twin,Rock_Overseas
1317,Smells Like Teen Spirit,Nirvana,Rock_Overseas
1318,Moves Like Jagger (Feat. Christina Aguilera) (Studio Recording From The Voice Performance),Maroon 5,Rock_Overseas
1319,Time-Bomb,All Time Low,Rock_Overseas
1320,Shut Up And Dance,Walk The Moon,Rock_Overseas
1321,Sleep Well,d4vd,Rock_Overseas
1322,Yellow,Coldplay,Rock_Overseas
1323,I Just Wanted You,Openside,Rock_Overseas
1324,Take Me To Church,Hozier,Rock_Overseas
1325,Take on Me,A-ha,Rock_Overseas
1326,The Scientist,Coldplay,Rock_Overseas
1327,Walking The Wire,Imagine Dragons,Rock_Overseas
1328,No One Else Like You,Adam Levine,Rock_Overseas
1329,Demons,Imagine Dragons,Rock_Overseas
1330,I Was Born To Love You,Queen,Rock_Overseas
1331,A Sky Full of Stars,Coldplay,Rock_Overseas
1332,It's My Life,Bon Jovi,Rock_Overseas
1333,What's Up?,4 Non Blondes,Rock_Overseas
1334,This Love,Maroon 5,Rock_Overseas
1335,Last Night On Earth,Green Day,Rock_Overseas
1336,One More Night,Maroon 5,Rock_Overseas
1337,Bad Liar,Imagine Dragons,Rock_Overseas
1338,Centuries,Fall Out Boy,Rock_Overseas
1339,Apocalypse,Cigarettes After Sex,Rock_Overseas
1340,Coffee,beabadoobee,Rock_Overseas
1341,Sweet,Cigarettes After Sex,Rock_Overseas
1342,Love Of My Life (Remastered 2011),Queen,Rock_Overseas
1343,Imagine (Remastered 2010),John Lennon,Rock_Overseas
1344,Legend,The Score,Rock_Overseas
1345,Good Time,Owl City,Rock_Overseas
1346,Tell Me If You Wanna Go Home,Keira Knightley,Rock_Overseas
1347,High and Dry,Radiohead,Rock_Overseas
1348,I Will (Remastered 2009),The Beatles,Rock_Overseas
1349,Back In Black,AC/DC,Rock_Overseas
1350,Somewhere,Hauskey,Rock_Overseas
1351,Zombie,The Cranberries,Rock_Overseas
1352,A Step You Can’t Take Back,Keira Knightley,Rock_Overseas
1353,Life Goes On,Oliver Tree,Rock_Overseas
1354,Wake Me up When September Ends,Green Day,Rock_Overseas
1355,Bad Day,Daniel Powter,Rock_Overseas
1356,You're Gonna Live Forever in Me,John Mayer,Rock_Overseas
1357,Radioactive,Imagine Dragons,Rock_Overseas
1358,Hey Jude (Remastered 2015),The Beatles,Rock_Overseas
1359,Time is Running Out,Muse,Rock_Overseas
1360,Immortals (From &quot;Big Hero 6&quot;/Soundtrack),Fall Out Boy,Rock_Overseas
1361,Stand By Me,Oasis,Rock_Overseas
1362,I Love You 3000,Stephanie Poetri,Rock_Overseas
1363,Phoenix,Chrissy Costanza,Rock_Overseas
1364,Don't Stop Me Now,Queen,Rock_Overseas
1365,Always,Bon Jovi,Rock_Overseas
1366,Christmas Saves The Year,twenty one pilots,Rock_Overseas
1367,Happy Christmas (War Is Over),Maroon 5,Rock_Overseas
1368,Christmas Every Day,Simple Plan,Rock_Overseas
1369,Wonderful Christmastime,Blossoms,Rock_Overseas
1370,Christmas Isn’t Christmas,Bon Jovi,Rock_Overseas
1371,"Warriors (Feat. 2WEI, Edda Hayes)",League of Legends,Rock_Overseas
1372,Merry Merry Christmas Everyone,Jon McLaughlin,Rock_Overseas
1373,Destination Freestyle (feat. King Vvibe),Crash Adams,Rock_Overseas
1374,Now And Then,The Beatles,Rock_Overseas
1375,Yesterday (Remastered 2009),The Beatles,Rock_Overseas
1376,She's Gone,Steelheart,Rock_Overseas
1377,The Man Who Can't Be Moved,The Script,Rock_Overseas
1378,Rich Love,Seeb,Rock_Overseas
1379,Fire on Up,Paper Kings,Rock_Overseas
1380,BOOM,X Ambassadors,Rock_Overseas
1381,Goodbye Yellow Brick Road (Remastered 2014),Elton John,Rock_Overseas
1382,Zombie (Remastered 2020),The Cranberries,Rock_Overseas
1383,Hymn for the Weekend,Coldplay,Rock_Overseas
1384,Creep (Acoustic),Radiohead,Rock_Overseas
1385,Be Around Me (feat. chloe moriondo),chloe moriondo,Rock_Overseas
1386,Come And Get Your Love,Redbone,Rock_Overseas
1387,Young And Beautiful,Lana Del Rey,Rock_Overseas
1388,Dancing in My Room,347aidan,Rock_Overseas
1389,When Can I See You Again? (From &quot;Wreck-It Ralph&quot;/Soundtrack Version),Owl City,Rock_Overseas
1390,Popular Song (Feat. Ariana Grande),MIKA,Rock_Overseas
1391,She Will Be Loved,Maroon 5,Rock_Overseas
1392,Stronger,The Score,Rock_Overseas
1393,Here's To Never Growing Up,Avril Lavigne,Rock_Overseas
1394,In the Meantime,Spacehog,Rock_Overseas
1395,How Does It Feel,Tom Grennan,Rock_Overseas
1396,Better Together,Jack Johnson,Rock_Overseas
1397,Come and Get Your Love (Re-Recorded) [From &quot;Guardians of the Galaxy&quot;],Redbone,Rock_Overseas
1398,You're Beautiful,James Blunt,Rock_Overseas
1399,Since You Been Gone,Rainbow,Rock_Overseas
1400,Mr. Blue Sky,Electric Light Orchestra,Rock_Overseas
1401,Living My Best Life,Paper Kings,Rock_Overseas
1402,Happy Face,Jagwar Twin,Rock_Overseas
1403,Can't Help Falling in Love (Bonus Track),G-DRAGON,Rock_Overseas
1404,Exit,L'Imperatrice,Rock_Overseas
1405,The Drum,Alan Walker,Electronika
1406,Closer (Feat. Halsey),The Chainsmokers,Electronika
1407,Faded,Alan Walker,Electronika
1408,On My Way (배틀그라운드 모바일 배경음악),Farruko,Electronika
1409,The Nights,Avicii,Electronika
1410,"All Falls Down (Feat. Noah Cyrus, Digital Farm Animals)",Alan Walker,Electronika
1411,Day 1 ◑,HONNE,Electronika
1412,Something Just Like This,Coldplay,Electronika
1413,Alone,Alan Walker,Electronika
1414,Stay,Alessia Cara,Electronika
1415,"Feels (Feat. Pharrell Williams, Katy Perry, Big Sean)",Calvin Harris,Electronika
1416,The Ocean (Feat. Shy Martin) (Radio Edit.),Mike Perry,Electronika
1417,Waiting For Love,Avicii,Electronika
1418,Malibu Nights,LANY,Electronika
1419,Symphony (Feat. Zara Larsson),Clean Bandit,Electronika
1420,Toca Toca (Radio Edit),Fly Project,Electronika
1421,The Spectre,Alan Walker,Electronika
1422,Hate You + Love You (Feat. AJ Mitchell),Cheat Codes,Electronika
1423,Everything Black,Mike Taylor,Electronika
1424,How to Love (feat. Sofia Reyes),Cash Cash,Electronika
1425,"Hey Mama (Feat. Nicki Minaj, Bebe Rexha &amp; Afrojack)",David Guetta,Electronika
1426,Paris,The Chainsmokers,Electronika
1427,Warm On A Cold Night,HONNE,Electronika
1428,The Middle,Maren Morris,Electronika
1429,Let Me Love You (Feat. Justin Bieber),DJ Snake,Electronika
1430,ily (i love you baby) (Feat. Emilee),Surf Mesa,Electronika
1431,This Is What You Came For,Rihanna,Electronika
1432,Samsara (Feat. Emila),Tungevaag &amp; Raaban,Electronika
1433,Dancin (Feat. Luvli) (Krono Remix),Aaron Smith,Electronika
1434,Rise (Feat. Jack &amp; Jack),Jonas Blue,Electronika
1435,Who I Am,Peder Elias,Electronika
1436,Way Back Home (feat. Conor Maynard) [Sam Feldt Edit],숀 (SHAUN),Electronika
1437,Narco,Timmy Trumpet,Electronika
1438,Titanium (Feat. Sia),David Guetta,Electronika
1439,Wake Me Up (Radio Edit),Avicii,Electronika
1440,Love Is Gone (feat. Dylan Matthew),Slander,Electronika
1441,Whatever,Ava Max,Electronika
1442,Bad (Feat. Vassy) (Radio Edit),Showtek,Electronika
1443,Rather Be (Feat. Jess Glynne),Clean Bandit,Electronika
1444,Believers,Conor Maynard,Electronika
1445,You,Tate McRae,Electronika
1446,Be Kind,Halsey,Electronika
1447,13,LANY,Electronika
1448,Lily,Emelie Hollow,Electronika
1449,Who Do You Love,5 Seconds of Summer,Electronika
1450,Get Lucky (feat. Pharrell Williams and Nile Rodgers),Nile Rodgers,Electronika
1451,Way Back Home (feat. Conor Maynard) [Sam Feldt Festival Mix],숀 (SHAUN),Electronika
1452,BOOM (Feat. Gucci Mane),Sevenn,Electronika
1453,One Kiss,Dua Lipa,Electronika
1454,Lovesick,Sophie Simmons,Electronika
1455,Cold Water (Feat. Justin Bieber &amp; MØ),Major Lazer,Electronika
1456,Jiggle Jiggle,Louis Theroux,Electronika
1457,Cradles,Sub Urban,Electronika
1458,walk but in a garden,mxmtoon,Electronika
1459,Summer Days (feat. Macklemore &amp; Patrick Stump of Fall Out Boy) (시몬스 침대 광고 삽입곡),Martin Garrix,Electronika
1460,"Slide (Feat. Frank Ocean, Migos)",Calvin Harris,Electronika
1461,Darkside (Feat. Tomine Harket &amp; Au/Ra),Alan Walker,Electronika
1462,Mama (Feat. William Singe),Jonas Blue,Electronika
1463,There For You,Troye Sivan,Electronika
1464,Hymn For The Weekend (Seeb Remix),Coldplay,Electronika
1465,2 Phút Hơn (KAIZ Remix),Phao,Electronika
1466,Don't Let Me Down (Feat. Daya),The Chainsmokers,Electronika
1467,Friendships (Lost My Love) (Feat. Leony),Pascal Letoublon,Electronika
1468,Don't Touch,Dan Farber,Electronika
1469,Tie Me Down,Elley Duhé,Electronika
1470,Beautiful Now (Feat. Jon Bellion),Zedd,Electronika
1471,Rockabye (Feat. Sean Paul &amp; Anne-Marie),Clean Bandit,Electronika
1472,Symphony (Feat. Zara Larsson) (Charming Horses Remix),Clean Bandit,Electronika
1473,Feels So Good ◑,HONNE,Electronika
1474,New Thang,Redfoo,Electronika
1475,iPad,The Chainsmokers,Electronika
1476,ILYSB,LANY,Electronika
1477,On My Way,Farruko,Electronika
1478,Paycheck,New Hope Club,Electronika
1479,Lullaby (LG Q7 광고 삽입곡),Paloma Faith,Electronika
1480,3am,HONNE,Electronika
1481,You for Me,Rita Ora,Electronika
1482,Light It Up (Feat. Jex),Tobimorrow,Electronika
1483,Hero (Feat. Christina Perri),Cash Cash,Electronika
1484,Bangarang (Feat. Sirah),Skrillex,Electronika
1485,WTF (feat. Amber Van Day),Hugel,Electronika
1486,Sing Me To Sleep,Alan Walker,Electronika
1487,Solo (Feat. Demi Lovato),Clean Bandit,Electronika
1488,"Instruction (Feat. Demi Lovato, Stefflon Don)",Jax Jones,Electronika
1489,Satisfied (Feat. MAX),Galantis,Electronika
1490,Young Gods (전지현 '헤라' 광고 삽입곡),Total Ape,Electronika
1491,Younger,HRVY,Electronika
1492,AM:PM,Maia Wright,Electronika
1493,Man On The Moon,Benjamin Ingrosso,Electronika
1494,Hero,Sasha Alex Sloan,Electronika
1495,Lie To Me,Sylow,Electronika
1496,Turn Down for What,Lil Jon,Electronika
1497,You Know What I Need,Troye Sivan,Electronika
1498,Sex Apeal (Max Farenthide Radio Edit) (Feat. Mike W.),Bueno Clinic,Electronika
1499,The Bad Touch (Gordon &amp; Doyle Edit),Empyre One,Electronika
1500,Ylang Ylang,((( O ))),Electronika
1501,Play Hard (Feat. Ne-Yo &amp; Akon) (New Edit),David Guetta,Electronika
1502,Heroes Tonight (Feat. Johnning),Janji,Electronika
1503,Bomba (Klass Club Mix) (영화 '검사외전 강동원 댄스' 삽입곡),Jessy Matador,Electronika
1504,Jingle Bell Rock (Single Version),Bobby Helms,Electronika
1505,Don’t Wake Me Up,Why Don't We,Electronika
1506,Summer In New York,Sofi Tukker,Electronika
1507,Care Less,Peder Elias,Electronika
1508,Lonely Together (Feat. Rita Ora),Avicii,Electronika
1509,Leyla,Mesto,Electronika
1510,Feliz Navidad (펠리스 나비다) (I Wanna Wish You A Merry Christmas),Magdaleine,Electronika
1511,Christmas Time (Feat. Jeremy Oceans),Brennan Heart,Electronika
1512,24,Sundial,Electronika
1513,Pink Skies,LANY,Electronika
1514,Ignite (2016 League Of Legends World Championship),Zedd,Electronika
1515,3:00 AM,Finding Hope,Electronika
1516,Narco (Extended Mix),Timmy Trumpet,Electronika
1517,Happy Now,Elley Duhé,Electronika
1518,Taped up Pieces,Ez Quew,Electronika
1519,Young,The Chainsmokers,Electronika
1520,"Better Off (Alone, Pt. III)",Vikkstar,Electronika
1521,Cotton Candy Clouds,Trevor Dering,Electronika
1522,Dessert,Dawin,Electronika
1523,Without You,Sandro Cavazza,Electronika
1524,Somebody Like U,Au/Ra,Electronika
1525,This Girl (Kungs Vs. Cookin' On 3 Burners),Cookin' On 3 Burners,Electronika
1526,Rush,Hyunjin,Electronika
1527,Heaven,Katelyn Tarver,Electronika
1528,Why Do I? (Feat. Bri Tolani),Unknown Brain,Electronika
1529,"Taki Taki (Feat. Selena Gomez, Ozuna, Cardi B)",DJ Snake,Electronika
1530,Desire,Sam Smith,Electronika
1531,Polaroid,Lennon Stella,Electronika
1532,Just Got Paid (Feat. French Montana),Meghan Trainor,Electronika
1533,Runaway With It,HRVY,Electronika
1534,Love You More,Mount Cashmore,Electronika
1535,Only A Fool,Pink Sweat$,Electronika
1536,Crazy Love (Feat. Deb’s Daughter),Audien,Electronika
1537,It Ain't Me,Selena Gomez,Electronika
1538,Run Free (feat. IVIE),Deep Chills,Electronika
1539,All You Need Is Love,Nico Santos,Electronika
1540,Baby Don't Hurt Me (feat. Coi Leray),Anne-Marie,Electronika
1541,Came Here For Love,Ella Eyre,Electronika
1542,That's What I Like (feat. LKY Young),Charming Horses,Electronika
1543,Ritual,Alan Walker,Electronika
1544,Funny,Jasmine Thompson,Electronika
1545,Run It,Annika Wells,Electronika
1546,Shut Up,UPSAHL,Electronika
1547,Silent Disco (feat. Matt Elle),Summer Vibes,Electronika
1548,Born To Be Yours,Imagine Dragons,Electronika
1549,High,The Chainsmokers,Electronika
1550,Love Line,Tinashe,Electronika
1551,Cassette,ayokay,Electronika
1552,Perfect Melody,Julian Perretta,Electronika
1553,I Love U,The Chainsmokers,Electronika
1554,Takeaway (feat. Lennon Stella),ILLENIUM,Electronika
1555,2 U (Feat. Anthony Pavel),Pink Slip,Electronika
1556,Lost In The Night,Aurya,Electronika
1557,2U (Feat. Justin Bieber),David Guetta,Electronika
1558,Time Bomb,The Chainsmokers,Electronika
1559,like you,Jean Tonique,Electronika
1560,Back To You,iamnotshane,Electronika
1561,Make You Mine,SAINT WKND,Electronika
1562,Good Together,HONNE,Electronika
1563,Look Where We Are,강다니엘,Electronika
1564,"Bad Boy (with Wiz Khalifa, bbno$, MAX)",Yung Bae,Electronika
1565,See You Again,Wiz Khalifa,Hiphop_Overseas
1566,Paint The Town Red,Doja Cat,Hiphop_Overseas
1567,"Surround Sound (Feat. 21 Savage, Baby Tate)",J.I.D,Hiphop_Overseas
1568,STAR WALKIN' (League of Legends Worlds Anthem),Lil Nas X,Hiphop_Overseas
1569,Sunflower (Spider-Man: Into the Spider-Verse),Swae Lee,Hiphop_Overseas
1570,Mood (Feat. Iann Dior),24KGoldn,Hiphop_Overseas
1571,Him &amp; I,Halsey,Hiphop_Overseas
1572,INDUSTRY BABY,Jack Harlow,Hiphop_Overseas
1573,"I'll Be Missing You (feat. Faith Evans, 112)",P. Diddy,Hiphop_Overseas
1574,Agora Hills,Doja Cat,Hiphop_Overseas
1575,I Like You (A Happier Song) (Feat. Doja Cat),Post Malone,Hiphop_Overseas
1576,"I'm the One (Feat. Justin Bieber, Quavo, Chance the Rapper, Lil Wayne)",DJ Khaled,Hiphop_Overseas
1577,BILLIE EILISH.,Armani White,Hiphop_Overseas
1578,Step Back!,SXMPRA,Hiphop_Overseas
1579,Doja,Central Cee,Hiphop_Overseas
1580,"Young, Wild &amp; Free (Feat. Bruno Mars)",Wiz Khalifa,Hiphop_Overseas
1581,Empire State Of Mind (Feat. Alicia Keys),JAY-Z,Hiphop_Overseas
1582,What It Is (Block Boy) (Feat. Kodak Black),Doechii,Hiphop_Overseas
1583,Lovin On Me,Jack Harlow,Hiphop_Overseas
1584,death bed (feat. beabadoobee),Powfu,Hiphop_Overseas
1585,Goodbyes (Feat. Young Thug),Post Malone,Hiphop_Overseas
1586,"Angel Pt. 1 (Feat. Kodak Black, NLE Choppa, JVKE, Muni Long)",지민,Hiphop_Overseas
1587,Boss Bitch,Doja Cat,Hiphop_Overseas
1588,Better Now,Post Malone,Hiphop_Overseas
1589,Dilemma (Feat. Kelly Rowland),Nelly,Hiphop_Overseas
1590,Lot To Learn,Luke Christopher,Hiphop_Overseas
1591,Players,Coi Leray,Hiphop_Overseas
1592,Lose Yourself,Eminem,Hiphop_Overseas
1593,Wop (Official Version),J-DASH,Hiphop_Overseas
1594,Nothin' On You (Feat. Bruno Mars),B.o.B,Hiphop_Overseas
1595,The Search,NF,Hiphop_Overseas
1596,Without Me,Eminem,Hiphop_Overseas
1597,Manila,Young Cocoa,Hiphop_Overseas
1598,ROXANNE,Arizona Zervas,Hiphop_Overseas
1599,Old Town Road,Lil Nas X,Hiphop_Overseas
1600,Godzilla (Feat. Juice WRLD),Eminem,Hiphop_Overseas
1601,Still D.R.E. (Feat. Snoop Dogg),Dr. Dre,Hiphop_Overseas
1602,J CHRIST,Lil Nas X,Hiphop_Overseas
1603,Chosen (Feat. Ty Dolla $ign &amp; Tyga),Blxst,Hiphop_Overseas
1604,The Next Episode (Feat. Snoop Dogg),Dr. Dre,Hiphop_Overseas
1605,Love The Way You Lie (Feat. Rihanna),Eminem,Hiphop_Overseas
1606,Psycho (Feat. Ty Dolla $ign),Post Malone,Hiphop_Overseas
1607,Congratulations (Feat. Quavo),Post Malone,Hiphop_Overseas
1608,What You Know Bout Love,Pop Smoke,Hiphop_Overseas
1609,Rolex,Ayo &amp; Teo,Hiphop_Overseas
1610,GOATED.,Denzel Curry,Hiphop_Overseas
1611,FE!N (Feat. Playboi Carti),Travis Scott,Hiphop_Overseas
1612,Mood (Remix),iann dior,Hiphop_Overseas
1613,Creepin',The Weeknd,Hiphop_Overseas
1614,redrum,21 Savage,Hiphop_Overseas
1615,Wrapped Around Your Finger,Post Malone,Hiphop_Overseas
1616,Go Crazy,Young Thug,Hiphop_Overseas
1617,Whistle,Flo Rida,Hiphop_Overseas
1618,rockstar (Feat. 21 Savage),Post Malone,Hiphop_Overseas
1619,God's Plan,Drake,Hiphop_Overseas
1620,"Psycho, Pt. 2",Russ,Hiphop_Overseas
1621,Best Friend (feat. Doja Cat),Saweetie,Hiphop_Overseas
1622,"No Brainer (Feat. Justin Bieber, Chance the Rapper, Quavo)",DJ Khaled,Hiphop_Overseas
1623,SICKO MODE,Travis Scott,Hiphop_Overseas
1624,WAP (feat. Megan Thee Stallion),Cardi B,Hiphop_Overseas
1625,Stan (Feat. Dido),Eminem,Hiphop_Overseas
1626,HUMBLE.,Kendrick Lamar,Hiphop_Overseas
1627,Mask Off,Future,Hiphop_Overseas
1628,Cooped Up (Feat. Roddy Ricch),Post Malone,Hiphop_Overseas
1629,20 Min,Lil Uzi Vert,Hiphop_Overseas
1630,ROCKSTAR (Feat. Roddy Ricch),DaBaby,Hiphop_Overseas
1631,Sprinter,Central Cee,Hiphop_Overseas
1632,Rumors,Jake Miller,Hiphop_Overseas
1633,16 Shots,Stefflon Don,Hiphop_Overseas
1634,The Box,Roddy Ricch,Hiphop_Overseas
1635,Freaky Deaky,Doja Cat,Hiphop_Overseas
1636,Jimmy Cooks (Feat. 21 Savage),Drake,Hiphop_Overseas
1637,For A Minute,WizTheMc,Hiphop_Overseas
1638,Where Is The Love?,Black Eyed Peas,Hiphop_Overseas
1639,The Monster (Feat. Rihanna),Eminem,Hiphop_Overseas
1640,CARNIVAL (Explicit Ver.),Playboi Carti,Hiphop_Overseas
1641,Pray For Me,The Weeknd,Hiphop_Overseas
1642,Wow.,Post Malone,Hiphop_Overseas
1643,LOVE. (Feat. Zacari),Kendrick Lamar,Hiphop_Overseas
1644,GDFR (feat. Sage the Gemini &amp; Lookas),Flo Rida,Hiphop_Overseas
1645,goosebumps (Feat. Kendrick Lamar),Travis Scott,Hiphop_Overseas
1646,Bad and Boujee (Feat. Lil Uzi Vert),Migos,Hiphop_Overseas
1647,Taste,Tyga,Hiphop_Overseas
1648,Rodeo (Remix),Flo Milli,Hiphop_Overseas
1649,ill come back to you,Rxseboy,Hiphop_Overseas
1650,Stronger,Kanye West,Hiphop_Overseas
1651,DNA.,Kendrick Lamar,Hiphop_Overseas
1652,Love Or Lust,24KGoldn,Hiphop_Overseas
1653,More Than Friends,24KGoldn,Hiphop_Overseas
1654,SUN GOES DOWN,Lil Nas X,Hiphop_Overseas
1655,Just Wanna Rock,Lil Uzi Vert,Hiphop_Overseas
1656,WITHOUT YOU,The Kid LAROI,Hiphop_Overseas
1657,MONTERO (Call Me By Your Name),Lil Nas X,Hiphop_Overseas
1658,Look at Me!,XXXTENTACION,Hiphop_Overseas
1659,Good News,Mac Miller,Hiphop_Overseas
1660,Motley Crew,Post Malone,Hiphop_Overseas
1661,Caroline,Amine,Hiphop_Overseas
1662,Falling,Trevor Daniel,Hiphop_Overseas
1663,Red Moon,Lil Uzi Vert,Hiphop_Overseas
1664,Dying in the Subtlety,Cautious Clay,Hiphop_Overseas
1665,Wicked,Future,Hiphop_Overseas
1666,Time,NF,Hiphop_Overseas
1667,Astronaut In The Ocean,Masked Wolf,Hiphop_Overseas
1668,Praise The Lord (Da Shine) (Feat. Skepta),A$AP Rocky,Hiphop_Overseas
1669,SAD!,XXXTENTACION,Hiphop_Overseas
1670,Boys,Lizzo,Hiphop_Overseas
1671,N95,Kendrick Lamar,Hiphop_Overseas
1672,MY HOUSE,Beyonce,Hiphop_Overseas
1673,Life Is Good (feat. Drake),Future,Hiphop_Overseas
1674,what a nice day to run away (Feat. Resident),Snøw,Hiphop_Overseas
1675,Super Freaky Girl,Nicki Minaj,Hiphop_Overseas
1676,My City (Feat. G Herbo),Kane Brown,Hiphop_Overseas
1677,Black Skinhead (Digital Album Version (Explicit)),Kanye West,Hiphop_Overseas
1678,Xo Tour Llif3,Lil Uzi Vert,Hiphop_Overseas
1679,Where Is The Love? (Album Ver.) (SBS K팝스타 시즌2 방예담 가창곡),Black Eyed Peas,Hiphop_Overseas
1680,I Got Bitches,A2M,Hiphop_Overseas
1681,What It Is (Solo Version),Doechii,Hiphop_Overseas
1682,changes,XXXTENTACION,Hiphop_Overseas
1683,Sheesh!,Tai Verdes,Hiphop_Overseas
1684,SCOOP (Feat. Doja Cat),Lil Nas X,Hiphop_Overseas
1685,Up,Cardi B,Hiphop_Overseas
1686,Bongos (feat. Megan Thee Stallion),Cardi B,Hiphop_Overseas
1687,Barbie World (with Aqua),Aqua,Hiphop_Overseas
1688,MODERN JAM (Feat. Teezo Touchdown),Travis Scott,Hiphop_Overseas
1689,HYAENA,Travis Scott,Hiphop_Overseas
1690,MELTDOWN (Feat. Drake),Travis Scott,Hiphop_Overseas
1691,Barbie World (with Aqua) [From Barbie The Album],Aqua,Hiphop_Overseas
1692,Bad Things,Camila Cabello,Hiphop_Overseas
1693,Booty Wurk (One Cheek At a Time) (Feat. Joey Galaxy),T-Pain,Hiphop_Overseas
1694,Calling (Spider-Man: Across the Spider-Verse) (Feat. A Boogie wit da Hoodie),NAV,Hiphop_Overseas
1695,Am I Dreaming,Roisee,Hiphop_Overseas
1696,Self Love (Spider-Man: Across the Spider-Verse),Coi Leray,Hiphop_Overseas
1697,Please Me,Bruno Mars,Hiphop_Overseas
1698,Annihilate (Spider-Man: Across the Spider-Verse),Offset,Hiphop_Overseas
1699,Billionaire (Feat. Bruno Mars),Travie McCoy,Hiphop_Overseas
1700,Rover (feat. DTG),S1mba,Hiphop_Overseas
1701,NO BAD DAYS (feat. Collett),Macklemore,Hiphop_Overseas
1702,Lottery (Feat. LU KALA),Latto,Hiphop_Overseas
1703,THATS WHAT I WANT,Lil Nas X,Hiphop_Overseas
1704,See You Again (폴 워커 추모 엔딩곡) (분노의 질주 : 더 세븐(Fast &amp; Furious 7) OST),Charlie Puth,Hiphop_Overseas
1705,Wake Up in the Sky,Kodak Black,Hiphop_Overseas
1706,"Hold On, We're Going Home (Album Version)",Drake,Hiphop_Overseas
1707,In My Feelings,Drake,Hiphop_Overseas
1708,All My Life (Feat. J. Cole),Lil Durk,Hiphop_Overseas
1709,Money Trees (Feat. Jay Rock),Kendrick Lamar,Hiphop_Overseas
1710,All The Stars,SZA,Hiphop_Overseas
1711,Myself,Post Malone,Hiphop_Overseas
1712,"Angel Pt. 1 (Trailer Version) (Feat. Kodak Black, NLE Choppa, Muni Long)",Fast &amp; Furious: The Fast Saga,Hiphop_Overseas
1713,Deja Vu (Feat. Justin Bieber),Post Malone,Hiphop_Overseas
1714,"I Don't Like It, I Love It (feat. Robin Thicke &amp; Verdine White)",Flo Rida,Hiphop_Overseas
1715,HOPE,NF,Hiphop_Overseas
1716,First Class,Jack Harlow,Hiphop_Overseas
1717,Search &amp; Rescue,Drake,Hiphop_Overseas
1718,Se Acabo (Remix) (feat. Method Man),The Beatnuts,Hiphop_Overseas
1719,High School (Feat. Lil Wayne),Nicki Minaj,Hiphop_Overseas
1720,MOTTO,NF,Hiphop_Overseas
1721,Good As Hell (feat. Ariana Grande) [Remix],Lizzo,Hiphop_Overseas
1722,Mirror Mirror (Feat. Changbin of Stray Kids),MILLI,Hiphop_Overseas
1723,Doctor Pepper,OG Maco,Hiphop_Overseas
1724,First Date (Feat. Wade &amp; Tyler Alexis),The Hauser Project,Hiphop_Overseas
1725,Like I Do,J.Tajor,Blues_Overseas
1726,HEARTBREAK ANNIVERSARY,Giveon,Blues_Overseas
1727,All I Want for Christmas Is You,Mariah Carey,Blues_Overseas
1728,When I Was Your Man,Bruno Mars,Blues_Overseas
1729,Love,Keyshia Cole,Blues_Overseas
1730,Die For You (Explicit Ver.),The Weeknd,Blues_Overseas
1731,wherever u r (ft. V of BTS),V,Blues_Overseas
1732,At My Worst,Pink Sweat$,Blues_Overseas
1733,Someone Like You,Adele,Blues_Overseas
1734,Leave The Door Open,Silk Sonic,Blues_Overseas
1735,Blinding Lights,The Weeknd,Blues_Overseas
1736,Marry You,Bruno Mars,Blues_Overseas
1737,Kill Bill,SZA,Blues_Overseas
1738,Because Of You,Ne-Yo,Blues_Overseas
1739,Die For You (Remix),Ariana Grande,Blues_Overseas
1740,unrequited,SOLOMON,Blues_Overseas
1741,Out of Time,The Weeknd,Blues_Overseas
1742,Say So,Doja Cat,Blues_Overseas
1743,Just The Way You Are,Bruno Mars,Blues_Overseas
1744,Call You Mine (Feat. Geologic Of The Blue Scholars),Jeff Bernat,Blues_Overseas
1745,Halo,Beyonce,Blues_Overseas
1746,Rolling in the Deep,Adele,Blues_Overseas
1747,Talk,Disclosure,Blues_Overseas
1748,Just The Two Of Us,Bill Withers,Blues_Overseas
1749,Treasure,Bruno Mars,Blues_Overseas
1750,Crazy,Gnarls Barkley,Blues_Overseas
1751,Stay With Me,Sam Smith,Blues_Overseas
1752,Love Affair,UMI,Blues_Overseas
1753,I Feel It Coming (Feat. Daft Punk) (Explicit Ver.),The Weeknd,Blues_Overseas
1754,Love On Top,Beyonce,Blues_Overseas
1755,West Coast Love,Emotional Oranges,Blues_Overseas
1756,Best Part (Feat. Daniel Caesar),H.E.R.,Blues_Overseas
1757,blue,Kamal.,Blues_Overseas
1758,Lil Boo Thang,Paul Russell,Blues_Overseas
1759,Casual,Jeff Bernat,Blues_Overseas
1760,What You Won't Do for Love,Bobby Caldwell,Blues_Overseas
1761,oui,Jeremih,Blues_Overseas
1762,2 soon,keshi,Blues_Overseas
1763,EX,Kiana Lede,Blues_Overseas
1764,Snooze,SZA,Blues_Overseas
1765,I.F.L.Y.,Bazzi,Blues_Overseas
1766,I Feel Good,Pink Sweat$,Blues_Overseas
1767,Insecure (feat. Pink Sweat$),Bren Joy,Blues_Overseas
1768,Runaway Baby,Bruno Mars,Blues_Overseas
1769,Trip,Ella Mai,Blues_Overseas
1770,Save Your Tears (Remix),Ariana Grande,Blues_Overseas
1771,Honesty,Pink Sweat$,Blues_Overseas
1772,right here,keshi,Blues_Overseas
1773,Sunday Morning,Hamzaa,Blues_Overseas
1774,I'm Not Sorry (Feat. Eric Bellinger),DEAN,Blues_Overseas
1775,This City,Sam Fischer,Blues_Overseas
1776,Talking To The Moon,Bruno Mars,Blues_Overseas
1777,Count On Me,Bruno Mars,Blues_Overseas
1778,Like That (feat. Gucci Mane),Doja Cat,Blues_Overseas
1779,Slow Motion (Album Version),Karina,Blues_Overseas
1780,The Lazy Song,Bruno Mars,Blues_Overseas
1781,All Of Me,John Legend,Blues_Overseas
1782,Constant,Jeremy Passion,Blues_Overseas
1783,One Of The Girls,Lily-Rose Depp,Blues_Overseas
1784,P.D.A. (We Just Don't Care),John Legend,Blues_Overseas
1785,The Simple Things,Michael Carreon,Blues_Overseas
1786,Put Your Records On,Corinne Bailey Rae,Blues_Overseas
1787,Maybe We Could Be a Thing,Albert Posis,Blues_Overseas
1788,LIKE I WANT YOU,Giveon,Blues_Overseas
1789,Lay Me Down,Sam Smith,Blues_Overseas
1790,Save Your Tears,The Weeknd,Blues_Overseas
1791,So Sick,Ne-Yo,Blues_Overseas
1792,Always,Daniel Caesar,Blues_Overseas
1793,Nothing Feels Better,Pink Sweat$,Blues_Overseas
1794,September,"Earth, Wind &amp; Fire",Blues_Overseas
1795,After Last Night (with Thundercat &amp; Bootsy Collins),Silk Sonic,Blues_Overseas
1796,Officially Missing You,Tamia,Blues_Overseas
1797,Yeah! (feat. Lil' Jon &amp; Ludacris),Usher,Blues_Overseas
1798,Stand By Me,Ben E. King,Blues_Overseas
1799,Ramen,Tim Atlas,Blues_Overseas
1800,If You Wonder,Jeff Bernat,Blues_Overseas
1801,I Got You,Bazzi,Blues_Overseas
1802,Moonlight,Kali Uchis,Blues_Overseas
1803,Casual (Acoustic),Jeff Bernat,Blues_Overseas
1804,Umbrella (Feat. Jay-Z),Rihanna,Blues_Overseas
1805,Best Part (Feat. H.E.R.),Daniel Caesar,Blues_Overseas
1806,I Just Called To Say I Love You (Single Ver.),Stevie Wonder,Blues_Overseas
1807,Beautiful (Feat. Camila Cabello),Bazzi,Blues_Overseas
1808,You Got It,Vedo,Blues_Overseas
1809,Groovin',Jeff Bernat,Blues_Overseas
1810,Lose Control,Teddy Swims,Blues_Overseas
1811,All Over Again,Johnny Stimson,Blues_Overseas
1812,Like A Star,Corinne Bailey Rae,Blues_Overseas
1813,In Your Eyes,The Weeknd,Blues_Overseas
1814,Sundays,Emotional Oranges,Blues_Overseas
1815,Open Arms (Feat. Travis Scott),SZA,Blues_Overseas
1816,Listen,Beyonce,Blues_Overseas
1817,Take Me Where Your Heart Is,Q,Blues_Overseas
1818,Plastic Plants,Mahalia,Blues_Overseas
1819,IC+B,Thomas Ng,Blues_Overseas
1820,Finesse (Remix) (Feat. Cardi B),Bruno Mars,Blues_Overseas
1821,Can't Feel My Face,The Weeknd,Blues_Overseas
1822,Bring Me Love,John Legend,Blues_Overseas
1823,Santa Claus Is Comin' to Town,Mariah Carey,Blues_Overseas
1824,Someday at Christmas,Andra Day,Blues_Overseas
1825,You Deserve It All,John Legend,Blues_Overseas
1826,Last Christmas,ASTN,Blues_Overseas
1827,Have Yourself A Merry Little Christmas,Sam Smith,Blues_Overseas
1828,This Christmas,Donny Hathaway,Blues_Overseas
1829,Rest Assured,PRVDNT,Blues_Overseas
1830,Happier Than Ever,ASTN,Blues_Overseas
1831,Christmas Blues,The Weeknd,Blues_Overseas
1832,Winter Wonderland,Andra Day,Blues_Overseas
1833,Home For Christmas,R. Kelly,Blues_Overseas
1834,Have Yourself a Merry Little Christmas (feat. Esperanza Spalding),John Legend,Blues_Overseas
1835,O Holy Night,Mariah Carey,Blues_Overseas
1836,Kiss Me It's Christmas (Feat. Ne-Yo),Leona Lewis,Blues_Overseas
1837,Closer To Christmas,Jason Derulo,Blues_Overseas
1838,When Christmas Comes (Album Version),John Legend,Blues_Overseas
1839,Christmas (Baby Please Come Home),Mariah Carey,Blues_Overseas
1840,Mr Right,Leona Lewis,Blues_Overseas
1841,Favorite Time Of Year (Feat. Tori Kelly),Joe Sample,Blues_Overseas
1842,The Christmas Song,Cee Lo Green,Blues_Overseas
1843,Alone for Christmas (feat. Kiana Ledé),Ty Dolla $ign,Blues_Overseas
1844,Winter Has Come,Sam Ock,Blues_Overseas
1845,Mr. Snowman,Sam Ock,Blues_Overseas
1846,Fall in Love at Christmas,Kirk Franklin,Blues_Overseas
1847,When It Snows,Sam Ock,Blues_Overseas
1848,"lonely christmas (Feat. Justin Bieber, Poo Bear)",Bryson Tiller,Blues_Overseas
1849,Meet Me,Jeven Reliford,Blues_Overseas
1850,Is It A Crime?,No Guidnce,Blues_Overseas
1851,When You Wish Upon A Star (Feat. Barbra Streisand &amp; Chris Botti),Mary J. Blige,Blues_Overseas
1852,love (Feat. Syd),DEAN,Blues_Overseas
1853,End Of The Road,Boyz II Men,Blues_Overseas
1854,Mine,Bazzi,Blues_Overseas
1855,Grenade,Bruno Mars,Blues_Overseas
1856,SLOW DANCING IN THE DARK,Joji,Blues_Overseas
1857,Saturday Nights REMIX (feat. Kane Brown),Khalid,Blues_Overseas
1858,Woman,Doja Cat,Blues_Overseas
1859,Smokin Out The Window,Silk Sonic,Blues_Overseas
1860,Cheapest Flight,PREP,Blues_Overseas
1861,Everyday Feels Like Sunday,Albert Posis,Blues_Overseas
1862,Mad,Ne-Yo,Blues_Overseas
1863,Easy,Mac Ayres,Blues_Overseas
1864,Take A Bow,Rihanna,Blues_Overseas
1865,Stronger Than,Gabe Bondoc,Blues_Overseas
1866,Fantasy,Mariah Carey,Blues_Overseas
1867,Numb,Khalid,Blues_Overseas
1868,Redbone,Childish Gambino,Blues_Overseas
1869,Skate,Silk Sonic,Blues_Overseas
1870,Baby Powder,Jenevieve,Blues_Overseas
1871,You Come First (feat. Saweetie),Zak Abel,Blues_Overseas
1872,Weight in Gold,Gallant,Blues_Overseas
1873,Motorbike,Johnny Stimson,Blues_Overseas
1874,Summer Too Hot,Chris Brown,Blues_Overseas
1875,Citrus,Sylo,Blues_Overseas
1876,Starboy (Feat. Daft Punk),The Weeknd,Blues_Overseas
1877,Locked Out Of Heaven,Bruno Mars,Blues_Overseas
1878,Moonshine,Bruno Mars,Blues_Overseas
1879,Honey,Johnny Balik,Blues_Overseas
1880,My Favourite Clothes,RINI,Blues_Overseas
1881,Double Fantasy (Feat. Future),The Weeknd,Blues_Overseas
1882,Softest Touch,Khalid,Blues_Overseas
1883,Wait a Minute!,WILLOW,Blues_Overseas
1884,Pretend,Jesse Barrera,Blues_Overseas
1885,Texted Back,Taiyo Ky,Blues_Overseas
1886,Bye Bye,Jeremy Passion,Blues_Overseas
1887,Collide (Sped Up Remix) (Feat. Tyga) (Explicit Ver.),Justine Skye,Blues_Overseas
1888,Collide (feat. Tyga) (Explicit Ver.),Justine Skye,Blues_Overseas
1889,Bad Habit,Steve Lacy,Blues_Overseas
1890,Options,Toni Romiti,Blues_Overseas
1891,How Does It Feel,Chris Brown,Blues_Overseas
1892,Under The Influence,Chris Brown,Blues_Overseas
1893,Lemonade,Jeremy Passion,Blues_Overseas
1894,"Smoke (Prod. Dynamicduo, Padi)",이영지,Hiphop
1895,홀씨,아이유,Hiphop
1896,봄날,방탄소년단,Hiphop
1897,EASY,LE SSERAFIM (르세라핌),Hiphop
1898,A bientot,임영웅,Hiphop
1899,Summer (Feat. BE’O (비오)),Paul Blanco,Hiphop
1900,"이쁜 여자가 좋더라 (Feat. Gist, Jayci yucca)",릴러말즈 (Leellamarz),Hiphop
1901,거리에서 (Feat. ASH ISLAND),릴러말즈 (Leellamarz),Hiphop
1902,Trip (Feat. Hannah),릴러말즈 (Leellamarz),Hiphop
1903,어땠을까 (Feat. 박정현),싸이 (PSY),Hiphop
1904,Shut Down,BLACKPINK,Hiphop
1905,LOVE me,BE'O (비오),Hiphop
1906,Pink Venom,BLACKPINK,Hiphop
1907,OHAYO MY NIGHT,PATEKO (파테코),Hiphop
1908,CAKE,ITZY (있지),Hiphop
1909,내 기쁨은 너가 벤틀리를 끄는 거야,김승민,Hiphop
1910,미쳐버리겠다 (MAD),BE'O (비오),Hiphop
1911,Officially Missing You,긱스 (Geeks),Hiphop
1912,새삥 (Prod. ZICO) (Feat. 호미들),지코 (ZICO),Hiphop
1913,내일 얘기해,MEENOI,Hiphop
1914,시차 (We Are) (Feat. 로꼬 &amp; GRAY),우원재,Hiphop
1915,Stay With Me (Feat. Skinny Brown),ASH ISLAND,Hiphop
1916,"Rainy day (Feat. ASH ISLAND, Skinny Brown)",PATEKO (파테코),Hiphop
1917,METEOR,창모 (CHANGMO),Hiphop
1918,"사이렌 Remix (Feat. UNEDUCATED KID, Paul Blanco)",호미들,Hiphop
1919,자니 (Feat. Dynamic Duo),프라이머리,Hiphop
1920,죽일 놈 (Guilty),다이나믹 듀오,Hiphop
1921,Closer Than This,지민,Hiphop
1922,"헤어지지 못하는 여자, 떠나가지 못하는 남자 (Feat. 정인)",리쌍,Hiphop
1923,죽을 만큼 아파서 (Feat. 멜로우),MC몽,Hiphop
1924,우산 (Feat. 윤하),에픽하이 (EPIK HIGH),Hiphop
1925,NOT SORRY (Feat. pH-1) (Prod. by Slom),이영지,Hiphop
1926,존재만으로,원슈타인,Hiphop
1927,Y (Please Tell Me Why),프리스타일,Hiphop
1928,"회전목마 (Feat. Zion.T, 원슈타인) (Prod. Slom)",sokodomo,Hiphop
1929,BATTER UP,BABYMONSTER,Hiphop
1930,GONE (Feat. Paloalto) (Prod. TOIL),TOIL,Hiphop
1931,문득,BE'O (비오),Hiphop
1932,미안해서 미안해 (Feat. G.NA),김진표,Hiphop
1933,자격지심 (Feat. ZICO),BE'O (비오),Hiphop
1934,뜨거운 안녕 (Feat. 성시경),싸이 (PSY),Hiphop
1935,너에게 쓰는 편지 (Feat. 린),MC몽,Hiphop
1936,사랑을 했다 (LOVE SCENARIO),iKON,Hiphop
1937,작별인사 (Feat. Paul Blanco),ASH ISLAND,Hiphop
1938,Right Now (Feat. Crush),쿠기 (Coogie),Hiphop
1939,HOT,세븐틴 (SEVENTEEN),Hiphop
1940,리무진 (Feat. MINO) (Prod. GRAY),BE'O (비오),Hiphop
1941,삐딱하게 (Crooked),G-DRAGON,Hiphop
1942,아무노래,지코 (ZICO),Hiphop
1943,AEAO,DJ Premier,Hiphop
1944,이 노래가 클럽에서 나온다면,우디 (Woody),Hiphop
1945,"검정색하트 (Feat. Leellamarz, BE'O)",TOIL,Hiphop
1946,특,Stray Kids (스트레이 키즈),Hiphop
1947,Ballerino,리쌍,Hiphop
1948,아름다워,창모 (CHANGMO),Hiphop
1949,내 생애 가장 행복한 시간 (Feat. 허각),MC몽,Hiphop
1950,뚜두뚜두 (DDU-DU DDU-DU),BLACKPINK,Hiphop
1951,FWB,창모 (CHANGMO),Hiphop
1952,"And July (Feat. DEAN, DJ Friz)",헤이즈 (Heize),Hiphop
1953,만남은 쉽고 이별은 어려워 (Feat. Leellamarz) (Prod. TOIL),베이식 (Basick),Hiphop
1954,우리서로사랑하지는말자,기리보이,Hiphop
1955,Jasmine,DPR LIVE,Hiphop
1956,악몽,ASH ISLAND,Hiphop
1957,VVS (Feat. JUSTHIS) (Prod. GroovyRoom),머쉬베놈 (MUSHVENOM),Hiphop
1958,마지막 인사,BIGBANG (빅뱅),Hiphop
1959,마이웨이 (MY WAY) (Prod. R.Tee),로스 (Los),Hiphop
1960,로맨틱 겨울 (Feat. 김진호 Of SG워너비),김진표,Hiphop
1961,멜로디,ASH ISLAND,Hiphop
1962,예술이야,싸이 (PSY),Hiphop
1963,I Love U Oh Thank U (Feat. 김태우 Of God),MC몽,Hiphop
1964,한여름밤의 꿀,레이나 (Raina),Hiphop
1965,MY BAG,(여자)아이들,Hiphop
1966,그땐 그땐 그땐,영준,Hiphop
1967,비 오는 날 듣기 좋은 노래 (Feat. Colde),에픽하이 (EPIK HIGH),Hiphop
1968,Stay With Me,펀치 (Punch),Hiphop
1969,네가 없는 밤 (Feat. ASH ISLAND) (Prod. GRAY),BE'O (비오),Hiphop
1970,Bk Love,MC 스나이퍼,Hiphop
1971,겁도 없이 (feat. BIG Naughty),B.I,Hiphop
1972,Counting Stars (Feat. Beenzino),BE'O (비오),Hiphop
1973,OUT OF MY SIGHT,릴러말즈 (Leellamarz),Hiphop
1974,뱅뱅뱅 (BANG BANG BANG),BIGBANG (빅뱅),Hiphop
1975,Nerdy Love (Feat. 백예린),pH-1,Hiphop
1976,빌었어,창모 (CHANGMO),Hiphop
1977,대충 입고 나와,우디 (Woody),Hiphop
1978,SOLO,제니 (JENNIE),Hiphop
1979,on the street (with J. Cole),J. Cole,Hiphop
1980,Boys And Girls (Feat. Babylon),지코 (ZICO),Hiphop
1981,DNA,방탄소년단,Hiphop
1982,고백(Go Back) (Feat.정인),다이나믹 듀오,Hiphop
1983,"내일이 오면 (Feat. 기리보이, BIG Naughty (서동현))",릴보이 (lIlBOI),Hiphop
1984,널 너무 모르고,헤이즈 (Heize),Hiphop
1985,한 개도 몰라 (Feat. meenoi),릴러말즈 (Leellamarz),Hiphop
1986,WE LIKE 2 PARTY,BIGBANG (빅뱅),Hiphop
1987,뭐 어떡할까,기리보이,Hiphop
1988,왜요 왜요 왜?,PLAVE,Hiphop
1989,Screen Time (Feat. Hoshi of SEVENTEEN),에픽하이 (EPIK HIGH),Hiphop
1990,PARANOIA,League of Legends,Hiphop
1991,너는 나 나는 너 (말하고 싶은 비밀 X 이서연 (프로미스나인)),이서연 (프로미스나인),Hiphop
1992,사랑은,MEENOI,Hiphop
1993,Paranoid,ASH ISLAND,Hiphop
1994,Closer to You (feat. Major Lazer),정국,Hiphop
1995,나쁜 X (Feat. CHANGMO),릴러말즈 (Leellamarz),Hiphop
1996,Alone (Feat. 이하이),쿠기 (Coogie),Hiphop
1997,NOT OK (Feat. 민니 ((여자)아이들)),로꼬,Hiphop
1998,Wake Up (Prod. 코드 쿤스트),코드 쿤스트 (CODE KUNST),Hiphop
1999,Monster,세븐틴 (SEVENTEEN),Hiphop
2000,"Smoke Remix (Prod. Dynamicduo, Padi)",Padi (페디),Hiphop
2001,F*ck My Life,세븐틴 (SEVENTEEN),Hiphop
2002,불평불만,릴러말즈 (Leellamarz),Hiphop
2003,일어나 보니,릴러말즈 (Leellamarz),Hiphop
2004,Good Night (Feat. BE'O),쿠기 (Coogie),Hiphop
2005,Parade (행진),NCT 127,Hiphop
2006,Yacht,NCT 127,Hiphop
2007,Je Ne Sais Quoi,NCT 127,Hiphop
2008,지금 술 한잔했어 (2023),김보경 (NEON),Hiphop
2009,낮 밤 (feat. 박재범),이영지,Hiphop
2010,위하여 (We Higher) (Prod. GroovyRoom),Fleeky Bang,Hiphop
2011,HARD,SHINee (샤이니),Hiphop
2012,사임쌓임,UNEDUCATED KID,Hiphop
2013,Kill This Love,BLACKPINK,Hiphop
2014,"야망 (Feat. ASH ISLAND, 김효은, Hash Swan, CHANGMO) (Prod. TOIL)",릴러말즈 (Leellamarz),Hiphop
2015,아는사람 얘기,San E (산이),Hiphop
2016,Aqua Man,빈지노 (Beenzino),Hiphop
2017,PADO,NCT U,Hiphop
2018,Baby,Paul Blanco,Hiphop
2019,끝이라고 말하지 마 (feat. 래원),JAEHA (재하),Hiphop
2020,들꽃놀이 (with 조유진),RM,Hiphop
2021,오르골 (Life Is Still Going On),NCT DREAM,Hiphop
2022,러브(Prod.로코베리),이성경,Hiphop
2023,SOS,NCT DREAM,Hiphop
2024,여행 Again (Feat. Cautious Clay),빈지노 (Beenzino),Hiphop
2025,Black Rose,ASH ISLAND,Hiphop
2026,지금 술 한잔 했어,펀치 (Punch),Hiphop
2027,결혼 행진곡,오담률,Hiphop
2028,Summer Hate (Feat. 비),지코 (ZICO),Hiphop
2029,Smoking Roses (Feat. Leellamarz),ASH ISLAND,Hiphop
2030,Yet To Come,방탄소년단,Hiphop
2031,990 (Feat. 김심야),빈지노 (Beenzino),Hiphop
2032,Radio,빈지노 (Beenzino),Hiphop
2033,"곡예사2 REMIX (Feat. MC Sniper, Sikboy, Hash Swan, 마미손, TAKEWON, KOONTA, 2faith)",조광일,Hiphop
2034,WONDER,ASH ISLAND,Hiphop
2035,침대에서/막걸리,빈지노 (Beenzino),Hiphop
2036,Monet,빈지노 (Beenzino),Hiphop
2037,Coca Cola Red (Feat. oygli),빈지노 (Beenzino),Hiphop
2038,맛 (Hot Sauce),NCT DREAM,Hiphop
2039,A-TEEN,세븐틴 (SEVENTEEN),Hiphop
2040,LAW (Prod. Czaer),비비 (BIBI),Hiphop
2041,해금,Agust D,Hiphop
2042,"Jumper (Feat. 개코, MINO)",코드 쿤스트 (CODE KUNST),Hiphop
2043,Set Me Free Pt.2,지민,Hiphop
2044,Fire,세븐틴 (SEVENTEEN),Hiphop
2045,Joker (Feat. JAMIE),BIG Naughty (서동현),Hiphop
2046,시간은 왜 앞으로만 가,ASH ISLAND,Hiphop
2047,"BLUE CHECK (Feat. 박재범, 제시) (Prod. by Slom)",토이고 (toigo),Hiphop
2048,샤랄라 (SHALALA),태용 (TAEYONG),Hiphop
2049,ZOOM,제시 (Jessi),Hiphop
2050,몸매 (MOMMAE) (Feat. Ugly Duck),박재범,Hiphop
2051,곡예사2,조광일,Hiphop
2052,RINDAMAN (Feat. ZICO),페노메코 (PENOMECO),Hiphop
2053,Trapped (Feat. Chillin Homie),ASH ISLAND,Hiphop
2054,Rose In The Heart,ASH ISLAND,Hiphop
2055,Bad Words (Feat. BE'O),ASH ISLAND,Hiphop
2056,"눈 (EYE) (Feat. BIG Naughty, 저스디스 (JUSTHIS)) (Prod. R.Tee)",던말릭 (DON MALIK),Hiphop
2057,"미운오리새끼 (Feat. 선우정아, BOBBY) (Prod. R.Tee)",허성현 (Huh),Hiphop
2058,"Snooze (feat. Ryuichi Sakamoto, 김우성 of The Rose)",Agust D,Hiphop
2059,D-Day,Agust D,Hiphop
2060,Face-off,지민,Hiphop
2061,Golden Hour,마크 (MARK),Hiphop
2062,No One Likes Us (Prod. 그냥노창),다민이 (DAMINI),Hiphop
2063,Drowning (Feat. SOLE (쏠)),BOBBY,Hiphop
2064,Deep Sea (Feat. BE'O),김승민,Hiphop
2065,Good Boy Gone Bad,투모로우바이투게더,Hiphop
2066,잠수이별 (Prod. 코드 쿤스트),MEENOI,Hiphop
2067,연애소설 (Feat. 아이유),에픽하이 (EPIK HIGH),Hiphop
2068,"빡 (Feat. 팔로알토 (Paloalto), 저스디스 (JUSTHIS)) (Prod. R.Tee)",던말릭 (DON MALIK),Hiphop
2069,Happy Fools (feat. Coi Leray),투모로우바이투게더,Hiphop
2070,"나침반 (Feat. UNEDUCATED KID, 수퍼비 (SUPERBEE)) (Prod. R.Tee)",KHAN,Hiphop
2071,Life Goes On,방탄소년단,Hiphop
2072,Catch (Feat. 화사),에픽하이 (EPIK HIGH),Hiphop
2073,CASE 143,Stray Kids (스트레이 키즈),Hiphop
2074,WE (Feat. 박재범) (Prod. by Slom),XINSAYNE,Hiphop
2075,DJ,NCT 127,Hiphop
